Volcano,Latitude,Longitude,Eruption,"Plume style (W, D and S denote weak, distorted and strong plumes respectively, cf Section 3)",Date start (UTC),Vent altitude (m a.s.l.),Plume height (km a.v.l.),Plume height uncertainty (km),Erupted tephra mass (kg),Erupted mass uncertainty (kg),Duration (hrs),Duration uncertainty (hrs),H2O content (wt.%),H2O content uncertainty (wt.%),Brunt-Väisälä frequency (s-1),Average wind speed (m.s-1),Average wind shear (s-1),Near-vent atmospheric temperature (K),Near-vent atmospheric pressure (hPa),Near-vent atmospheric relative humidity (%),Near-vent atmospheric specific humidity (g/kg),References,Comments
,,,,,,,,,,,,,,,,,,,,,,,
Agung,-8.342,115.108,March 1963,,3/16/1963 21:30,3142,17.5,5,5.20E+11,2.60E+11,5,1.5,4.3,2.7,0.01383084,12.4570742,0.00122387,280.8706994,698.212984,70.02411047,0.006535723," Meinel and Meinel (1963), Zen and Hadikusumo (1964), Mossop (1964), Self and King (1996), Self and Rampino (2012)",Large uncertainty on erupted mass related to quality of isopach map; we assigned a 50% uncertainty but a larger value may be appropriate.
,,,May 1963,,5/16/1963 8:30,3142,16.5,5,3.30E+11,1.70E+11,4.5,1,4.3,2.7,0.012771851,8.050964887,0.000707262,283.9797501,698.0522852,23.63253613,0.002720645," Meinel and Meinel (1963), Zen and Hadikusumo (1964), Mossop (1964), Self and King (1996), Self and Rampino (2012)",Large uncertainty on erupted mass related to quality of isopach map; we assigned a 50% uncertainty but a larger value may be appropriate.
,,,,,,,,,,,,,,,,,,,,,,,
Anatahan,16.35,145.67,2003,,5/10/2003 2:20,764,8.25,4,2.70E+10,1.30E+10,39,9,2.1,1.3,0.012084023,5.083575802,0.000826124,295.9113366,927.6187544,58.6154788,0.01097011,"Global Volcanism Program (May 2003 and June 2003), Trusdell et al (2005), Wright et al (2005), Nakada et al (2005), Pallister et al (2005)",We assumed 50% uncertainty on erupted mass
,,,,,6/14/2003 11:00,764,2.3,0.65,9.25E+09,4.60E+09,44,4,2.1,1.3,0.011865857,3.593581738,0.00267254,296.3753691,927.877044,60.58915746,0.011679154,"Global Volcanism Program (May 2003 and June 2003), Trusdell et al (2005), Wright et al (2005), Nakada et al (2005), Pallister et al (2005)",We assumed 50% uncertainty on erupted mass
,,,,,,,,,,,,,,,,,,,,,,,
Augustine,59.363,-153.43,2006,,1/17/2006 16:58,1252,12.2,1.5,1.73E+09,8.50E+08,0.07,0.02,3.2,1,0.016164692,3.596613571,0.000518881,268.4375258,852.3093675,66.26062631,0.002107823,"Wallace et al (2006), Webster et al (2006)",We assumed 50% uncertainty on erupted mass
,,,,,,,,,,,,,,,,,,,,,,,
Bezymianny,55.972,160.595,2006,,12/24/2006 9:17,2882,10,2,5.50E+09,1.50E+09,0.88,0.25,1.9,0.8,0.017668922,11.80974434,0.002342328,249.1424573,686.0119693,82.70606981,0.000672881,"Malik (2011), Carter et al (2011), Shcherbakov et al (2011), Moseenko and Malik (2015)",Duration based on seismic observations; 15 min uncertainty arbitrarly assumed
,,,2009,,12/16/09 21:45,2882,7,4,3.40E+09,1.70E+09,2.3333,1.167,,,0.012387315,20.3831264,0.004337102,255.6183774,691.5415872,70.99806771,0.000992417,"Global Volcanism Program (December 2009), Moiseenko (2014)","No uncertainty on erupted mass: we thus assumed a 50% uncertainty. However, note that 3.4 109kg is considered as a lower estimate by Moiseenko (2014) due to the lack of proximal and distal data."
,,,,,,,,,,,,,,,,,,,,,,,
Calbuco,-41.326,-72.614,2015 phase 1,S,4/22/2015 21:04,2003,13,2.5,5.70E+10,2.40E+10,1.5,0.25,4.5,1,0.011906714,13.75560665,0.001764093,280.3535284,800.0494472,51.6411713,0.003875869,"Romero et al (2016), Castruccio et al (2016), Van Eaton et al (2016), Reckziegel et al (2016), Hayer et al (2016), Vidal et al (2016)",The interpretation of the timing of deposition of tephra layers is different in Romero et al. (2016) and Castruccio et al. (2016). We followed the interpretation of Castruccio et al. (2016) which is the most recent study.
,,,2015 phase 2,S,4/23/2015 3:54,2003,15,3,3.20E+11,8.30E+10,6,0.25,4.5,1,0.01319895,14.84729828,0.001577631,281.0385167,799.010446,50.65411915,0.003966926,"Romero et al (2016), Castruccio et al (2016), Van Eaton et al (2016), Reckziegel et al (2016), Hayer et al (2016), Vidal et al (2016)",The interpretation of the timing of deposition of tephra layers is different in Romero et al. (2016) and Castruccio et al. (2016). We followed the interpretation of Castruccio et al. (2016) which is the most recent study.
,,,,,,,,,,,,,,,,,,,,,,,
Chikurachki,50.324,155.461,1986,,11/19/1986 5:30,1815,8,3,3.20E+11,1.60E+11,86,26,2.9,2.3,0.013606874,5.227960577,0.001037202,261.2648953,797.9824495,74.62152683,0.001461466,"Global Volcanism Program (November 1986), Belousova and Belousov (2001),  Gurenko et al (2005), personnal communication with Marina Belousova and Alexander Belousov (November 2016)",
,,,,,,,,,,,,,,,,,,,,,,,
Cordon Caulle,-40.59,-72.117,2011 A-F,S,6/4/2011 18:30,1500,10.5,2,4.20E+11,9.00E+10,27,3,4.6,0.9,0.011853444,14.50049166,0.002476255,276.4044534,847.0725495,85.76432771,0.004832067,"Gilbert (2012), Pistolesi et al (2015), Bonadonna et al (2015), Bonadonna et al (2015), Elissondo et al (2016)",
,,,2011 H,,6/7/2011 5:00,1500,9.5,3,1.30E+11,4.00E+10,7.5,4.5,4.6,0.9,0.011451705,34.15292099,0.006093045,275.370527,834.5065787,96.07059388,0.005115487,"Gilbert (2012), Pistolesi et al (2015), Bonadonna et al (2015), Bonadonna et al (2015), Elissondo et al (2016)","There is a large uncertainty on the timing of this phase, and thus on the average plume height too. We assume larger uncertainties on plume height than Bonadonna et al. (2015) because the range given is for a date range that match very roughly the supposed timing for layer deposition."
,,,2011 K2,,6/7/2011 11:00,1500,6,3,2.80E+10,7.00E+09,7.5,4.5,4.6,0.9,0.010318341,29.90627438,0.007695604,274.3439448,834.3244056,96.20848595,0.004753256,"Gilbert (2012), Pistolesi et al (2015), Bonadonna et al (2015), Bonadonna et al (2015), Elissondo et al (2016)","There is a large uncertainty on the timing of this phase, and thus on the average plume height too. We assume larger uncertainties on plume height than Bonadonna et al. (2015) because the range given is for a date range that match very roughly the supposed timing for layer deposition."
,,,,,,,,,,,,,,,,,,,,,,,
Cerro Negro,12.506,-86.702,1968,W,10/24/68 0:00,728,1.5,1,1.30E+10,6.00E+09,1008,144,,,0.011876883,5.782478949,0.00578915,294.0173635,931.7782301,91.99059254,0.015229346,"Global Volcanism Program (1968), Hills et al (1998), Sulpizio (2005)","The uncertainty on erupted mass would be +/-0.15 1010kg based on differences between Hills et al (1998) and Sulpizio (2005), but this uncertainty seems unreallistically low and we assumed a 50% uncertainty. Hills et al (1998) report an eruption duration of 48 days, but the reported fallout duration is 42 days: we thus assume a duration of 42 days with an uncertainty of 6 days."
,,,1971,,2/3/71 16:00,728,5.3,3,4.20E+10,2.10E+10,168,24,4.1,0.9,0.013415148,5.360564475,0.001364954,293.5569016,931.2391404,88.41110923,0.01424604,"Global Volcanism Program (1971), Hills et al (1998), Sulpizio (2005), Portnyagin et al (2014)","The uncertainty on erupted mass would be +/-0.6 1010kg based on differences between Hills et al (1998) and Sulpizio (2005), but this uncertainty seems unreallistically low and we assumed a 50% uncertainty.We arbitrarly assumed an uncertainty of 1 day for the eruption duration"
,,,1992,,4/10/92 5:20,728,5,2,2.90E+10,1.40E+10,37,20,3.8,1,0.012289701,6.84853155,0.001731991,296.1991668,930.4319745,77.4983305,0.014594131,"Global Volcanism Program (1992) , Hills et al (1998), Portnyagin et al (2014)",Hills et al (1998) report a fall duration of 0.7 days but Global Volcanism Program (1992) reports almost 3 days of explosive activity so that we took a large uncertainty on eruption duration. We assumed 50% uncertainty on erupted mass.
,,,1995,W,11/29/95 0:00,728,3.5,1.5,3.50E+09,1.00E+09,78,24,3.3,2,0.013113038,6.433815836,0.002798706,294.3154707,932.3774006,87.20902809,0.01474029,"Global Volcanism Program (1995), Roggensack et al (1997), Hills et al (1998)","Hills et al (1998) suggest a start of the main phase ""by november 29"" but increasing activity in the 5 previous days, resulting again in a large uncertainty on the duration during which the ash layer was deposited. Hills et al (1998) find a volume of 2.1 without extrapolation and 2.9 106 m3 with extrapolation. When calculating the erupted mass, we thus assumed that the mean volume estimate was 2.9 106 m3 with an uncertainty of 0.8 106 m3."
,,,,,,,,,,,,,,,,,,,,,,,
Chaiten,-42.833,-72.646,2008,,5/2/2008 8:00,1122,12.5,4,4.10E+09,2.80E+09,6,2,4,,0.013035422,33.2063668,0.004735968,279.4700001,874.428328,67.72976417,0.004574902,"Folch et al (2008),  Carn et al (2009), Watt et al (2009), Castro et al (2010), Lara (2010), Alfano et al (2011), Major and Lara (2013), Prata et al (2015), Alfano et al (2016) ","Quite large uncertainties on chronology and deposit interpretation, that may not be reflected in uncertainties given in Alfano et al (2011) for the erupted mass of each phase. We arbitrarily doubled their uncertainty."
,,,,,5/2/2008 20:00,1122,9,3,2.60E+11,4.00E+10,88,9,4,,0.011990596,23.24979701,0.004306058,277.1760056,860.3583077,61.338854,0.003637558,"Folch et al (2008),  Carn et al (2009), Watt et al (2009), Castro et al (2010), Lara (2010), Alfano et al (2011), Major and Lara (2013), Prata et al (2015), Alfano et al (2016) ","Quite large uncertainties on chronology and deposit interpretation, that may not be reflected in uncertainties given in Alfano et al (2011) for the erupted mass of each phase. We arbitrarily doubled their uncertainty."
,,,,S,5/6/08 12:32,1122,21,5,2.25E+11,1.00E+11,5,3,4,,0.017655321,24.68961879,0.001576881,278.0340962,868.8456677,74.14289888,0.004612974,"Folch et al (2008),  Carn et al (2009), Watt et al (2009), Castro et al (2010), Lara (2010), Alfano et al (2011), Major and Lara (2013), Prata et al (2015), Alfano et al (2016) ","Quite large uncertainties on chronology and deposit interpretation, that may not be reflected in uncertainties given in Alfano et al (2011) for the erupted mass of each phase. We arbitrarily doubled their uncertainty."
,,,,,,,,,,,,,,,,,,,,,,,
Cotopaxi,-0.677,-78.436,2015,,8/14/15 9:02,5987,6.5,2.5,1.58E+08,4.50E+07,10,6,,,0.010481314,4.785890672,0.001094041,266.6198075,493.2802196,70.35990323,0.003313441,"Bernard et al (2016), Gaunt et al (2016), Global Volcanism Program (2016), personnal communication with Benjamin Bernard (November 2016)",Duration based on seismic data from Bernard et al (2016)
,,,,W,8/15/15 9:00,5987,2.5,1.5,7.65E+08,1.65E+08,390,90,,,0.011705698,6.535875318,0.003654886,267.8124107,493.0277303,51.14684532,0.002647578,"Bernard et al (2016), Gaunt et al (2016), Global Volcanism Program (2016), personnal communication with Benjamin Bernard (November 2016)",Duration based on seismic data from Bernard et al (2016)
,,,,,10/2/15 0:00,5987,2,1.5,2.28E+08,5.50E+07,310,170,,,0.011923075,4.49021616,0.002622333,268.4549383,493.2023789,48.41006821,0.00261616,"Bernard et al (2016), Gaunt et al (2016), Global Volcanism Program (2016), personnal communication with Benjamin Bernard (November 2016)",Duration based on seismic data from Bernard et al (2016)
,,,,,11/4/15 0:00,5987,1.5,1,3.50E+07,6.30E+06,600,400,,,0.012394519,5.237471085,0.005482194,268.032101,492.5762074,55.70934702,0.00293015,"Bernard et al (2016), Gaunt et al (2016), Global Volcanism Program (2016), personnal communication with Benjamin Bernard (November 2016)",Duration based on seismic data from Bernard et al (2016)
,,,,,,,,,,,,,,,,,,,,,,,
El Chichon,17.36,-93.228,1982 A1,S,3/29/82 5:32,1150,18,3,7.50E+11,5.00E+11,5,0.5,7,3,0.012758774,7.583126552,0.000583872,292.4477245,888.1631014,76.95010257,0.012075681,"Global Volcanism Program ( March/April 1982), March and April, Matson (1984), Luhr et al (1984), Carey and Sigurdsson (1986), Krueger et al (2008)","In calculating the erupted mass, we took the mean volume estimate to be the one obtained with extrapolation, and the lower bound estimate to be the mapped (no extrapolation) volume to get an uncertainty."
,,,1982 B,,4/4/82 1:35,1150,21.5,3.5,9.75E+11,5.00E+11,4,0.5,7,3,0.015373294,9.573327469,0.000718002,297.4710945,887.9746456,53.52129176,0.011241617,"Global Volcanism Program ( March/April 1982), March and April, Matson (1984), Luhr et al (1984), Carey and Sigurdsson (1986), Krueger et al (2008)","In calculating the erupted mass, we took the mean volume estimate to be the one obtained with extrapolation, and the lower bound estimate to be the mapped (no extrapolation) volume to get an uncertainty."
,,,1982 C,,4/4/82 11:22,1150,20,4,1.00E+12,6.00E+11,7,0.5,7,3,0.01422599,9.154819723,0.000773607,295.3739713,888.2774364,62.05756166,0.011580302,"Global Volcanism Program ( March/April 1982), March and April, Matson (1984), Luhr et al (1984), Carey and Sigurdsson (1986), Krueger et al (2008)","In calculating the erupted mass, we took the mean volume estimate to be the one obtained with extrapolation, and the lower bound estimate to be the mapped (no extrapolation) volume to get an uncertainty."
,,,,,,,,,,,,,,,,,,,,,,,
Etna,37.734,15.0004,july 2001,W,7/21/01 10:00,2570,1.4,1,1.65E+09,6.50E+08,86,12,2.9,1,0.012590497,11.52250432,0.012298412,280.5947394,748.922776,45.21687243,0.003870886,"Métrich et al (2004), Scollo et al (2007)","The eruption seems to end late on July 24 but we found no precise timing in the litterature, so that we assumed an end at midnight with uncertainty of 12 hours."
,,,oct 2002 A,W,10/27/02 2:00,2750,3.2,0.5,8.70E+08,4.30E+08,10,2,3,1,0.00997321,12.21931981,0.005924441,278.4469382,737.3075973,18.07781234,0.001379288,"Andronico et al (2005), Spilliaert et al 2006, Andronico et al (2008), personnal communication with Daniele Andronico (December 2016)",We assumed 50% uncertainty on erupted mass
,,,oct 2002  B,,10/28/08 7:30,2750,4.2,0.5,9.50E+08,4.70E+08,6,2,3,1,0.012167738,14.79445292,0.005504226,276.3069262,731.5147143,80.6209346,0.005193622,"Andronico et al (2005), Spilliaert et al 2006, Andronico et al (2008), personnal communication with Daniele Andronico (December 2016)",We assumed 50% uncertainty on erupted mass
,,,oct 2002 C,,10/31/02 12:00,2750,3.7,0.5,4.50E+08,2.20E+08,4,2,3,1,0.009390281,15.58839137,0.007311356,277.8584339,733.8997672,21.05174203,0.00151894,"Andronico et al (2005), Spilliaert et al 2006, Andronico et al (2008), personnal communication with Daniele Andronico (December 2016)",We assumed 50% uncertainty on erupted mass
,,,oct 2002 D,,11/3/02 23:00,2750,2.9,0.5,1.40E+09,7.00E+08,18,2,3,1,0.011675584,10.67048955,0.005908412,275.4055967,724.9062466,70.42894016,0.004373843,"Andronico et al (2005), Spilliaert et al 2006, Andronico et al (2008), personnal communication with Daniele Andronico (December 2016)",We assumed 50% uncertainty on erupted mass
,,,Nov 2006,W,11/24/06 2:30,2800,1.65,0.35,1.80E+08,6.00E+07,10,1,1,0.9,0.013458405,11.07035531,0.01010944,273.7311545,722.4940104,39.8875329,0.002186115,"Andronico et al (2009), Collins et al (2009), Andronico et al (2014)",
,,,,,,,,,,,,,,,,,,,,,,,
Eyjafjallajökull,63.633,-19.633,April-May  2010,D,4/14/10 1:00,1660,4,0.6,1.30E+11,3.00E+10,47,6,2,1,0.01213438,24.50325384,0.009628713,267.3276369,830.6824759,79.49779364,0.002368703,"Fentje et al (2010), Thordarson et al (2011), Arason et al (2011), Gudmundson et al (2012)",
,,,,D,4/17/10 0:00,1660,3.7,0.8,4.00E+10,1.00E+10,30,8,2,1,0.013905773,13.73183404,0.006132749,259.6677487,825.9864261,47.13275567,0.000800651,"Fentje et al (2010), Thordarson et al (2011), Arason et al (2011), Gudmundson et al (2012)",
,,,,W,5/4/10 18:30,1660,3.5,0.5,3.80E+10,1.50E+10,116,0.5,2,1,0.012562144,15.80788277,0.00721211,276.0178112,836.526074,53.04074878,0.00300812,"Fentje et al (2010), Thordarson et al (2011), Arason et al (2011), Bonadonna et al (2011), Gudmundson et al (2012)","Within the April 18 - May 21 period, two mass measurements are available:  Gudmundson et al. (2012) for the entire period and Bonadonna et al. (2011)  for May 4-8. We thus divided into one phase from May 4 to 8, and one phase that is the combined April 18-May 4 and May 8-May 21 periods."
,,,,W,4/18/10 6:00,1660,2.7,0.5,2.10E+11,7.00E+10,732,12,2,1,0.013128205,8.066670928,0.00491725,268.8231186,826.6312529,58.1805188,0.002125963,"Fentje et al (2010), Thordarson et al (2011), Arason et al (2011), Bonadonna et al (2011), Gudmundson et al (2012)","Within the April 18 - May 21 period, two mass measurements are available:  Gudmundson et al. (2012) for the entire period and Bonadonna et al. (2011)  for May 4-8. We thus divided into one phase from May 4 to 8, and one phase that is the combined April 18-May 4 and May 8-May 21 periods."
,,,,,,,,,,,,,,,,,,,,,,,
,,,,,,,,,,,,,,,,,,,,,,,
Fuego,14.473,-90.88,Sep 1971,,9/14/71 18:45,3763,10,5,2.30E+11,1.50E+11,10,2,,,0.010243028,5.98356451,0.000938236,279.5826996,648.5995979,34.089525,0.003099144,"Bonnis and Salazar (1973), Rose et al (1973), Sulpizio (2005)","We could only one vague visual report (Bonnis and Salazar, 1973) for plume height and thus assumed a 50% uncertainty. In calculating the erupted mass, we took the mean volume estimate to be the one obtained with extrapolation, and the lower bound estimate to be the mapped (no extrapolation) volume to get an uncertainty."
,,,Oct 1974,S,10/14/74 8:00,3763,10,4,5.10E+10,1.60E+10,5,1,2.9,2.4,0.00993766,7.370978698,0.001153279,277.7101084,648.9104866,84.35933708,0.006762675,"Global Volcanism Program (1974),  Rose et al (1978), Murrow et al (1980), Rose et al (2008)",No uncertainty for duration; we arbitrarly assigned a 1 hour uncertainty.
,,,,,,,,,,,,,,,,,,,,,,,
Grímsvötn,64.416,-17.316,2004 C,,11/2/04 1:27,1400,8,1.5,3.24E+10,1.20E+10,18,1,,,0.011542139,26.61160375,0.005487689,274.0600216,840.3321769,95.90328053,0.004654504,"Oddsson et al (2012), Jude-Eton et al (2012)","The uncertainty on erupted mass seems low given in Jude-Eton et al (2012) seems low given that the deposit was sampled  more than a year after the eruption, and that part of the deposit may be from pyroclastic density currents. We arbitrarly double the uncertainty they report. Duration is based on seismic, plume height and visual: we assume 1h uncertainty"
,,,2004 E,,11/2/04 21:03,1400,7.4,1.5,1.22E+10,4.00E+09,13,1,,,0.011670854,23.61706097,0.005563558,273.0705094,835.5044311,98.23064119,0.00444602,"Oddsson et al (2012), Jude-Eton et al (2012)","The uncertainty on erupted mass seems low given in Jude-Eton et al (2012) seems low given that the deposit was sampled  more than a year after the eruption, and that part of the deposit may be from pyroclastic density currents. We arbitrarly double the uncertainty they report."
,,,2011,S,5/21/11 19:00,1450,10,2,7.30E+11,1.90E+11,64,16,,,0.014603595,6.59153706,0.000790481,266.8687344,836.9620966,77.99171251,0.002216665,"Global Volcanism Program (2011), Petersen et al (2012), Marzano et al (2013), Hreinsdottir et al (2014)",
,,,,,,,,,,,,,,,,,,,,,,,
Hekla,63.983,-19.666,March 1947,,3/29/47 6:51,1447,19,8,1.80E+11,9.00E+10,3,2,,,0.017972427,18.55902341,0.001934136,261.3419627,845.6620624,92.64540774,0.001692348,"Thorarinson (1950), Bonadonna and Houghton (2005)","Deposit density could not be found for this eruption, and was assumed similar to the one of later eruptions with an uncertainty of 30%."
,,,May 1970,,5/5/70 22:10,630,12.5,3.5,4.50E+10,2.20E+10,2.33,0.5,4,2,0.016102511,20.87559995,0.002745348,273.5143817,929.4605563,80.70730665,0.003376856,"Thorarinsson and Sigvaldason (1972), Baldridge et al (1973)",We assumed 50% uncertainty on erupted mass
,,,August 1980,D,8/17/80 13:27,1490,10,5,4.20E+10,2.10E+10,4,2,,,0.012745804,10.81921178,0.002159861,273.236714,846.9509501,74.06935209,0.003333033,"Gronvold et al (1983), ",We assumed 50% uncertainty on erupted mass
,,,January 1991,,1/17/91 17:00,1050,11,3,1.30E+10,6.00E+09,2,1,1.2,0.4,0.016059069,18.79448962,0.002934288,267.8257402,866.1443265,83.41220226,0.002478809,"Gudmundson et al (1992), Sulpizio (2005),  Lucic et al (2016)",We assumed 50% uncertainty on erupted mass. We found only two estimates (from Gudmundson et al 1992) for plume height (one from satelite and one from an airplane); we assumed an uncertainty of 3km on plume height despite there is only a 0.5km difference between these two estimate.
,,,February 2000,,2/26/00 18:19,1490,10,3,7.00E+09,3.50E+09,3.66,0.5,2.4,0.7,0.012922758,12.52806677,0.002529761,263.2357462,810.6642016,73.57024025,0.001639343,"Rose et al (2003), Moune et al (2007)",We assumed 50% uncertainty on erupted mass
,,,,,,,,,,,,,,,,,,,,,,,
Mt Hudson,-45.9,-72.97,August 1991,S,8/12/92 16:00,1905,12.5,3,6.50E+12,1.80E+12,58,3,2,1,0.014493275,30.04910042,0.004013764,271.0604544,797.8218433,83.46163086,0.003532036,"Scasso et al (1994), Bonadonna and Houghton (2005), Kratzmann et al (2009), Kratzmann et al (2010), personnal communication with David Kratzmann (November 2016)",We assumed a 3 hr uncertainty on the eruption duration
,,,,,,,,,,,,,,,,,,,,,,,
Kasatochi,52.177,-175.08,August 2008,,8/8/08 4:35,300,10.7,3,2.40E+11,1.00E+11,15,4,6,0.9,0.011492727,13.16377144,0.002414494,283.2975165,978.0498716,98.35541219,0.007816182,"Izbekov et al (2009), Waythomas et al (2010), Corradini et al (2010), Bitar et al (2010)",Waythomas et al (2010) report volume estimate but not the bulk density of the deposit. We assumed a density of 1100km/m3 with a 30% uncertainty.
,,,,,,,,,,,,,,,,,,,,,,,
Kelut,-7.93,112.308,1990,,2/10/90 4:41,1731,10.3,2,8.00E+10,4.00E+10,4.5,1,,,0.011286522,5.297479968,0.000697097,289.9399855,830.5359787,67.88781492,0.009777109,"Global Volcanism Program (1990), Bourdier et al (1997)",We assumed 50% uncertainty on erupted mass
,,,2014,,2/13/14 15:50,1731,17,3,4.90E+11,1.60E+11,2.75,0.75,1.5,0.8,0.011711774,14.13214995,0.001601897,289.7379091,828.6376218,72.75526326,0.010517829,"Suzuki et al (2014), Cassidy et al (2015), Caudron et al (2015), Kristiansen et al (2015), Vernier et al (2016), Kylling (2016), personnal communication with Fukashi Maeno (July 2016)",
,,,,,,,,,,,,,,,,,,,,,,,
Merapi,-7.542,110.442,2010,,11/4/10 17:05,2968,14.5,2,3.70E+10,1.90E+10,30,6,5,1,0.010557118,6.340490312,0.000792861,283.3301606,714.8291282,85.87381929,0.009261772,"Global Volcanism Program (2011), Surano et al (2012), Costa et al (2013), Solikin et al (2015) Shibata and Kinoshita (2016)",
,,,,,,,,,,,,,,,,,,,,,,,
Miyakejima,34.094,139.526,August 2000,D,8/9/2000,775,8,1.5,1.20E+09,6.00E+08,4,2,2.2,1.2,0.011136753,5.262379142,0.001159897,295.2901739,926.6468155,69.41844532,0.012503702,"Nakada et al (2005), Geshi and Oikawa (2008), Saito et al (2010)",We assumed 50% uncertainty on erupted mass
,,,,,8/18/00 8:05,775,16,2,1.10E+10,5.00E+09,3.5,0.5,2.2,1.2,0.01170625,8.249606527,0.001020446,295.0989905,921.5616596,84.4908219,0.015104338,"Nakada et al (2005), Geshi and Oikawa (2008), Saito et al (2010)",We assumed 50% uncertainty on erupted mass
,,,,,,,,,,,,,,,,,,,,,,,
Mt St Helens,46.2,-122.18,1980,,5/18/80 18:30,2550,15.5,4,6.00E+11,2.00E+11,9,0.5,1.7,0.6,0.016027033,16.4437028,0.001568036,276.4098947,747.9604322,31.22281365,0.001975807,"Global Volcanism Bulletin (1980), Christiansen et al (1981), Harris et al (1981), Sarna-Wojciki et al (1981), Pyle (1989),Holasek and Self (1995), Bonadonna and Houghton (2005),   U.S.G.S (2005), Bonadonna and Costa (2012), Underwood et al (2013)",The beginning of the eruption is a lateral blast and this event could thus be regarded with care when testing model of volcanic plume with vertical injection. The vent height taken is the one after the eruption as most of the summit was likely blown during the lateral blast phase.
,,,,,5/25/80 10:30,2550,4,1.5,5.80E+10,1.60E+10,19.5,3,1.7,0.6,0.013234073,7.644023373,0.002688167,270.5668127,739.4021486,83.74995909,0.003640504,"Global Volcanism Bulletin (1980), Christiansen et al (1981), Harris et al (1981), Sarna-Wojciki et al (1981), Pyle (1989),Holasek and Self (1995), Bonadonna and Houghton (2005),   U.S.G.S (2005), Underwood et al (2013)",
,,,,,6/13/80 5:11,2550,7.5,4,5.85E+10,1.35E+10,3.5,0.25,1.8,0.2,0.010038136,11.13554891,0.002677207,273.6922739,747.2531091,80.76047374,0.004153153,"Global Volcanism Bulletin (1980), Christiansen et al (1981), Harris et al (1981), Sarna-Wojciki et al (1981), Pyle (1989),Holasek and Self (1995), Bonadonna and Houghton (2005),   U.S.G.S (2005), Underwood et al (2013)", The erupted mass estimate of Sarna-Wojciki et al (1981)  is a minimum estimate because of compaction and the absence of extrapolation. We assume that the actual erupted mass is 30% larger based on differences between  Sarna-Wojciki et al (1981) and Pyle (1989)/Bonadonna and Houghton (2005) for the earlier phases if this eruption. Uncertainty is taken so that the lower bound is the estimate by Sarna-Wojciki et al (1981).
,,,,,7/23/80 3:00,2550,6.5,3,5.20E+09,1.20E+09,2.66,0.25,1,0.4,0.010302596,18.0415293,0.00471544,283.9670372,752.5309615,31.11644175,0.003586097,"Global Volcanism Bulletin (1980), Christiansen et al (1981), Harris et al (1981), Sarna-Wojciki et al (1981), Pyle (1989),Holasek and Self (1995), Bonadonna and Houghton (2005),   U.S.G.S (2005), Underwood et al (2013)","The erupted mass estimate of Sarna-Wojciki et al (1981)  is a minimum estimate because of compaction and the absence of extrapolation. We assume that the actual erupted mass is 30% larger based on differences between  Sarna-Wojciki et al (1981) and Pyle (1989)/Bonadonna and Houghton (2005) for the earlier phases if this eruption. Uncertainty is taken so that the lower bound is the estimate by Sarna-Wojciki et al (1981). The plume height of 3 pulses >12km a.s.l is reported in Harris et al (1981), but height was exceeding 12km a.s.l for no more than 25min (out of 2h40). The average plume height thus likely don’t exceed 12km given height of pulses. We found no other information on plume height and arbitrarly assumed that the 95% lower bound on plume height was 50% below the higher bound resulting in an average plume height of 9 +/- 3 km a.s.l."
,,,2005,D,3/9/05 1:25,2550,6,2.5,2.50E+08,1.25E+08,0.5,0.333,19,16,0.010650721,16.73570329,0.004451072,276.6412751,752.7612138,48.6110103,0.003141988,"Mastin (2007), Matoza, Hedlin and Garcés (2007), Scott, Sherrod and Gardner (2008)",There was very little ash in the plume and Mastin (2007) tests a range of gas content of 0.02-0.35; we choose average gas content and uncertainties matching this range.
,,,,,,,,,,,,,,,,,,,,,,,
Mt Pinatubo,15.13,120.35,June 1991,S,6/12/91 0:51,1750,18,4,1.40E+10,7.00E+09,1,0.33,,,0.012983423,10.1424275,0.000975144,291.8139728,827.5886304,61.25131852,0.009981482,"Paladio-Melosantos et al (1996), Newhall and Punongbayan (1996) , Holasek et al (1996), Hoblitt et al (1996), Koyaguchi and Ohno (2001)",We assumed 50% uncertainty on erupted mass
,,,,,6/15/91 5:30,1750,33.5,4.5,4.00E+12,2.00E+12,6,3,6,2,0.020039661,17.94780468,0.000974724,291.7348075,823.5078641,67.95908024,0.011056058,"Paladio-Melosantos et al (1996), Newhall and Punongbayan (1996) , Holasek et al (1996), Scaillet and Evans (1999), Koyaguchi and Ohno (2001)",We assumed 50% uncertainty on erupted mass. Different interpretation of the duration over which tephra layer C is deposited results in large uncertainty on duration and average plume height.
,,,,,,,,,,,,,,,,,,,,,,,
Mt Redoubt,60.485,-152.742,December 1989,,12/14/89 18:47,3108,7,3.5,7.50E+08,3.50E+08,0.38,0.11,,,0.011983796,31.69427173,0.007260758,261.4267985,687.639294,55.34359895,0.001230612,"Brantley (1990), Miller and Chouet (1994), Scott and McGimsey (1994)","Brantley (1990) reports plume heights from visual observations that are thought to be minumum estimates. However, no additional information on plume height is available. We arbitrarly assign a 50% uncertainty."
,,,,S,12/15/89 10:40,3108,9,4.5,2.10E+10,6.00E+09,1,0.3,,,0.013825499,32.47623541,0.006056616,264.3996766,691.6728186,45.08872823,0.001306552,"Brantley (1990), Miller and Chouet (1994), Scott and McGimsey (1994)","Brantley (1990) reports plume heights from visual observations that are thought to be minumum estimates. However, no additional information on plume height is available. We arbitrarly assign a 50% uncertainty."
,,,,W,12/19/89 15:30,3108,6,3,5.00E+08,1.00E+08,0.15,0.05,,,0.015036204,16.59783892,0.005322527,256.6255491,673.1916091,30.01912326,0.000464923,"Brantley (1990), Miller and Chouet (1994), Scott and McGimsey (1994)","Brantley (1990) reports plume heights from visual observations that are thought to be minumum estimates. However, no additional information on plume height is available. We arbitrarly assign a 50% uncertainty."
,,,March 2009,,3/23/09 7:34,2300,11.5,2,9.60E+09,4.80E+09,1.12,0.3,4.5,0.9,0.017067594,14.15800083,0.001766491,256.7528754,746.5001424,65.89121356,0.000958357,"Wallace et al (2013), Ekstrand et al (2013), Mastin et al (2013), Coombs et al (2013)",This phase corresponds to events 1-4 in Wallace et al (2013). We assumed a 50% uncertainty on erupted mass and 30% uncertainty on total duration.
,,,,,3/23/09 13:30,2300,13.5,3,4.40E+09,2.20E+09,0.33,0.1,4.5,0.9,0.01802678,12.83952721,0.00126774,258.2835578,746.2295351,86.20121529,0.001396439,"Wallace et al (2013), Ekstrand et al (2013), Mastin et al (2013), Coombs et al (2013)",This phase corresponds to event 5 in Wallace et al (2013). We assumed a 50% uncertainty on erupted mass and 30% uncertainty on total duration.
,,,,,3/24/09 4:40,2300,13.5,3,1.51E+10,7.00E+09,0.25,0.08,4.5,0.9,0.017872767,10.82361072,0.001048571,260.7969488,743.2626218,78.0439195,0.001475498,"Wallace et al (2013), Ekstrand et al (2013), Mastin et al (2013), Coombs et al (2013)",This phase corresponds to event 6 in Wallace et al (2013). We assumed a 50% uncertainty on erupted mass and 30% uncertainty on total duration.
,,,,,3/26/09 17:34,2300,16.5,2,4.60E+09,2.30E+09,0.25,0.08,4.5,0.9,0.018290227,8.276158051,0.000969672,259.7770183,734.5291929,62.99049336,0.001176189,"Wallace et al (2013), Ekstrand et al (2013), Mastin et al (2013), Coombs et al (2013)",This phase corresponds to events 7-8 in Wallace et al (2013). We assumed a 50% uncertainty on erupted mass and 30% uncertainty on total duration.
,,,,,3/27/09 8:47,2300,11.5,3,1.32E+10,6.00E+09,0.85,0.26,4.5,0.9,0.016652127,6.806265043,0.001019716,259.1719433,742.6666783,82.65758664,0.001454208,"Wallace et al (2013), Ekstrand et al (2013), Mastin et al (2013), Coombs et al (2013)",This phase corresponds to events 9-18 in Wallace et al (2013). We assumed a 50% uncertainty on erupted mass and 30% uncertainty on total duration.
,,,,,,,,,,,,,,,,,,,,,,,
Mt Ruapehu,-39.28,175.57,1995-1996,,10/11/95 8:00,2500,9.5,2,3.25E+10,1.60E+10,8,1,1.4,0.7,0.012086587,19.17221503,0.003252287,272.110857,747.738289,32.05975934,0.001572897," Global Volcanism Program (1995), Cronin et al (1998),  Hurst and Turner (1999),Kilgour et al (2013)",
,,,,,10/14/95 3:00,2500,9.5,2,6.50E+09,3.30E+09,6.5,1.5,1.4,0.7,0.010585143,21.88648174,0.003669265,274.6054848,750.7666495,73.42482675,0.004053907," Global Volcanism Program (1995), Cronin et al (1998),  Hurst and Turner (1999),Kilgour et al (2013)",
,,,,W,6/16/96 17:30,2500,5.5,2,4.60E+09,2.30E+09,19,2,1.4,0.7,0.009631121,21.18617461,0.006327714,267.6854182,752.8514459,25.71361984,0.0008514," Global Volcanism Program (1995), Cronin et al (1998),  Hurst and Turner (1999),Kilgour et al (2013)",
,,,,,,,,,,,,,,,,,,,,,,,
Nevado del Ruiz,4.892,-75.324,november 1985,,11/14/85 2:09,5400,11.5,6,3.50E+10,2.10E+10,0.83,0.5,3,1,0.010636937,7.125330648,0.001109319,270.1222968,528.4161019,86.15652225,0.004959787,"Global Volcanism Program (1985), Naranjom et al (1986), Voight (1990), Krueger et al (1990), Melson et al (1990)",
,,,,,,,,,,,,,,,,,,,,,,,
Okmok,53.43,-168.13,July 2008,,7/12/08 19:43,1073,13.9,3,1.76E+10,9.00E+09,1.8,0.5,1.7,0.7,0.012997898,11.51206603,0.001357688,283.5086189,889.1692241,87.58523753,0.007838161,"Unema (2001), Larsen et al (2009),   Larsen et al (2013), Larsen et al (2015), personnal communication with Jessica Larsen, Michael Ort and Peter Webley (January 2017)",We assumed 50% uncertainty on erupted mass and +/-3km on the average plume height.
,,,,,7/12/08 21:30,1073,14.5,3,1.03E+11,5.00E+10,2.25,0.5,1.7,0.7,0.013500586,11.48536345,0.001300435,282.9221585,890.1516443,83.51041262,0.007142928,"Unema (2001), Larsen et al (2009),   Larsen et al (2013), Larsen et al (2015), personnal communication with Jessica Larsen, Michael Ort and Peter Webley (January 2017)",We assumed 50% uncertainty on erupted mass and +/-3km on the average plume height.
,,,,,,,,,,,,,,,,,,,,,,,
Popocatepetl,19.023,-98.622,1996-1997,,4/30/96 18:19,5452,4,1,5.30E+08,2.65E+08,0.13,0.03,1.8,0.9,0.011266508,12.21563382,0.005171464,268.3807328,529.0201079,38.52882399,0.001928295,"Global Volcanism Program (1996a), Armienta et al (2002), Atlas et al (2006), Martin-Del Pozzo et al (2008)",We assumed 50% uncertainty on erupted mass
,,,,,10/28/96 15:05,5452,2.75,1,2.00E+07,1.00E+07,0.8,0.1667,1.8,0.6,0.009846641,10.24954676,0.005082812,272.3348986,530.7954803,17.91194652,0.001198027," Global Volcanism Program (1996b), Atlas et al (2006), Martin-Del Pozzo et al (2008),",We assumed 50% uncertainty on erupted mass
,,,,,6/30/97 23:11,5452,8,3,1.10E+09,5.50E+08,2.16,1.5,1.8,0.9,0.009977615,6.284899619,0.001188448,269.2039664,527.247995,82.09332352,0.004409195,"Global Volcanism Program (1997), Atlas et al (2006), Martin-Del Pozzo et al (2008)",We assumed 50% uncertainty on erupted mass
,,,,,,,,,,,,,,,,,,,,,,,
Quizapu,-34.653,-70.761,1932,S,4/10/32 14:00,3788,16,10,1.10E+13,3.00E+12,22,4,5,1,0.016867407,26.14446662,0.002569489,267.7791196,637.6082961,29.33250236,0.001045493,"Hildreth and Drake (1992) , Bonadonna and Houghton (2005) , Ruprecht and Bachmann (2010)",
,,,,,,,,,,,,,,,,,,,,,,,
Reventador,-0.077,-77.656,November 2002,S,11/3/02 12:15,3562,12.5,4,1.35E+11,3.00E+10,1.75,1,5,1,0.010657248,4.61383367,0.000658305,279.4503705,666.4353335,92.50525073,0.008203396,"Global Volcanism Program (2002), Hall et all (2004), Moxey (2005), Samaniego et al (2008),  Ridolfi et al (2008), personnal communication with Jean-Luc Le Pennec (November 2016)",Jean-Luc Le Pennec reported an erupted mass of 1.2-1.5 1011 kg (personnal communication). This range would result in a very small uncertainty and is not based on peer-reviewed results: we arbitrarly doubled the uncertainty.
,,,,,,,,,,,,,,,,,,,,,,,
Santa Maria,14.756,-91.552,1902,,10/25/02 7:00,3772,24,11,4.40E+13,2.20E+13,19,3,3.7,,0.019309398,5.047264471,0.000373426,278.1115949,647.1025554,63.21341367,0.005273127," Williams and Self (1983), Pyle (1989), Bonadonna and Houghton (2005), Sadofsky et al (2008)","We could only find one report of plume height, from visual observation, which we take as our estimate of the average plume height. There are many evidence that this eruption injected large quantities of sulfur gases in the stratosphere and we thus choose the uncertainty so that the lower bound on plume height is the height of the tropopause."
,,,,,,,,,,,,,,,,,,,,,,,
Sarychev Peak,48.092,153.2,,,6/12/09 2:00,1450,8.5,3,3.00E+11,1.50E+11,72,6,,,0.011506505,4.603633398,0.000712198,277.0492239,852.8045133,62.8548317,0.003536785,"Rybin et al (2011), Carn and Lopez (2011), Rybin et al (2012), personnal communication with Peter Webley (January 2016)",We could only find volume estimate and assumed a bulk deposit density of 1000kg/m3 with an uncertainty of 30%
,,,,,,,,,,,,,,,,,,,,,,,
Shinmoedake,31.934,130.862,,,1/26/11 7:10,1421,5.8,1.3,1.14E+10,2.90E+09,3.25,0.75,4.4,2,0.013971816,32.60073959,0.01033998,268.7839855,861.9839754,30.07103412,0.000918388,"Hashimoto et al (2012), Konzono et al (2013), Nakada et al (2013), Suzuki et al (2013), Maeno et al (2014), Marchese et al (2014)",
,,,,W,1/26/11 12:45,1421,3.4,1.3,3.55E+09,8.90E+08,4.50,1,4.4,2,0.014263311,21.53515388,0.010955168,270.6614479,862.9521529,10.16464386,0.000337855,"Hashimoto et al (2012), Konzono et al (2013), Nakada et al (2013), Suzuki et al (2013), Maeno et al (2014), Marchese et al (2014)",
,,,,,1/26/11 17:20,1421,6.1,1,1.50E+10,3.80E+09,2.75,0.25,4.4,2,0.01378384,29.46769015,0.008944685,271.0891777,862.9824696,8.892053547,0.000272875,"Hashimoto et al (2012), Konzono et al (2013), Nakada et al (2013), Suzuki et al (2013), Maeno et al (2014), Marchese et al (2014)",
,,,,,1/27/11 7:20,1421,6,1,8.50E+09,2.10E+09,2.00,0.3,4.4,2,0.01390503,27.34710834,0.008495612,271.4742051,863.1237475,16.87254573,0.000585097,"Hashimoto et al (2012), Konzono et al (2013), Nakada et al (2013), Suzuki et al (2013), Maeno et al (2014), Marchese et al (2014)",
,,,,,,,,,,,,,,,,,,,,,,,
Shishaldin,54.756,-163.67,,,4/19/99 20:15,2857,9,4,3.64E+10,1.50E+10,1.33,0.3333,1.5,0.5,0.016245543,7.435527354,0.001116347,259.9270724,697.5156768,44.8405998,0.00089569,"Global Volcanism Program (1999), Stelling et al (2002), Nye et al (2002)",
,,,,,,,,,,,,,,,,,,,,,,,
Mt Spur,61.299,-152.251,1992,,6/27/92 15:04,2309,10.7,3,3.12E+10,1.50E+10,4,0.33,,,0.012189894,19.17307264,0.002903386,273.5092026,762.096934,88.74428137,0.004507046,"Neal et al (1995), Eichelberg et al (1995),  Gardner et al (1998), Krotkov et al (1999), McGimsey et al (2001),Mankowski et al (2001)",We assumed 50% uncertainty on erupted mass
,,,,S,8/19/92 0:42,2309,11.7,3,3.64E+10,1.80E+10,3.5,0.33,,,0.012848525,16.03870727,0.002376895,272.202723,772.8322527,65.32843375,0.002650926,"Neal et al (1995), Eichelberg et al (1995),  Gardner et al (1998), Krotkov et al (1999), McGimsey et al (2001),Mankowski et al (2001)",We assumed 50% uncertainty on erupted mass
,,,,,9/17/92 8:03,2309,11.7,2,3.90E+10,1.90E+10,3.66,0.33,,,0.013499507,25.43036262,0.00379014,266.9519189,757.3125463,68.64784503,0.002136276,"Neal et al (1995), Eichelberg et al (1995),  Gardner et al (1998), Krotkov et al (1999), McGimsey et al (2001),Mankowski et al (2001)",We assumed 50% uncertainty on erupted mass
,,,,,,,,,,,,,,,,,,,,,,,
Tungurahua,-1.467,-78.442,August 2001,,8/4/01 0:00,5023,3,1,6.00E+09,3.00E+09,408,24,,,0.011977468,6.112511333,0.002490257,272.6324735,555.6725598,61.60758016,0.00399664,"Le Pennec et al (2002), Le Pennec et al (2012)",The eruption style is strombolian style but ash emissions are described as continuous so that we did not discard this eruptive phase from the database.
,,,2006,,8/17/06 2:13,5023,14.5,3,2.49E+10,6.20E+09,2.5,1.5,1.9,1.5,0.013687743,4.795081233,0.000377859,271.0177731,555.7405955,78.31975101,0.004523159,"Steffke et al (2010), Eychenne et all (2012), Hall et al (2013), Myers et al (2014), Bernard et al (2016)",
,,,2013,,7/14/13 11:47,5023,6.7,1.7,6.70E+08,5.00E+07,1.25,0.25,2.5,1.6,0.009882003,7.81305022,0.00187154,272.1904251,555.6408604,61.94067576,0.003858157,"Myers et al (2014), Parra et al (2016)",
,,,,,,,,,,,,,,,,,,,,,,,
Villareca,-39.42,-71.93,March 2015,S,3/3/15 6:07,2847,7,1.5,4.46E+09,1.40E+09,0.666,0.25,,,0.010863776,16.36940472,0.004360266,276.2326897,721.4867268,63.28985902,0.004187251,"Sernageomin (2015), Romero et al (2016)",
,,,,,,,,,,,,,,,,,,,,,,,
,,,,,,,,,,,,,,,,,,,,,,,
,"Cells highlighted in red are uncertainties which we could not constrain from the literature, for which we propose an ""educated"" guess. Please email any question to taubry@eoas.ubc.ca.",,,,,,,,,,,,,,,,,,,,,,
,,,,,,,,,,,,,,,,,,,,,,,
,,,,,,,,,,,,,,,,,,,,,,,
,,,,,,,,,,,,,,,,,,,,,,,
,,,,,,,,,,,,,,,,,,,,,,,
,,,,,,,,,,,,,,,,,,,,,,,
References,,,,,,,,,,,,,,,,,,,,,,,
"Alfano, F., Bonadonna, C., Volentik, A.C., Connor, C.B., Watt, S.F., Pyle, D.M., Connor, L.J., 2011. Tephra stratigraphy and eruptive volume of the May, 2008, Chaitén eruption, Chile. Bull. Volcanol. 73 (5), 613–630. http://dx.doi.org/10.1007/s00445-010-0428-x.",,,,,,,,,,,,,,,,,,,,,,,
"Alfano, F., Bonadonna, C., Watt, S., Connor, C., Volentik, A., Pyle, D.M., 2016. Reconstruction of total grain size distribution of the climactic phase of a long-lasting eruption: the example of the 2008–2013 Chaitén eruption. Bull. Volcanol. 78 (7), 1–21. http://dx.doi.org/10.1007/s00445-016-1040-5.",,,,,,,,,,,,,,,,,,,,,,,
"Andronico, D., Branca, S., Calvari, S., Burton, M., Caltabiano, T., Corsaro, R.A., Del Carlo, P., Garfì, G., Lodato, L., Miraglia, L., et al. 2005. A multi-disciplinary study of the 2002–03 Etna eruption: insights into a complex plumbing system. Bull. Volcanol. 67 (4), 314–330. http://dx.doi.org/10.1007/s00445-004-0372-8.",,,,,,,,,,,,,,,,,,,,,,,
"Andronico, D., Scollo, S., Caruso, S., Cristaldi, A., 2008. The 2002–03 Etna explosive activity: tephra dispersal and features of the deposits. J. Geophys. Res. Solid Earth 113 (B4). http://dx.doi.org/10.1029/2007JB005126.",,,,,,,,,,,,,,,,,,,,,,,
"Andronico, D., Scollo, S., Castro, M.D.L., Cristaldi, A., Lodato, L., Taddeucci, J., 2014. Eruption dynamics and tephra dispersal from the 24 November 2006 paroxysm at South-East crater,Mt Etna, Italy. J. Volcanol. Geotherm. Res. 274, 78–91. http://dx.doi.org/10.1016/j.jvolgeores.2014.01.009.",,,,,,,,,,,,,,,,,,,,,,,
"Andronico, D., Spinetti, C., Cristaldi, A., Buongiorno, M., 2009. Observations of Mt. Etna volcanic ash plumes in 2006: an integrated approach from ground-based and polar satellite NOAA-AVHRR monitoring system. J. Volcanol. Geotherm. Res. 180 (24), 135–147. http://dx.doi.org/10.1016/j.jvolgeores.2008.11.013. Models and products of mafic explosive activity.",,,,,,,,,,,,,,,,,,,,,,,
"Armienta, M., De la Cruz-Reyna, S., Morton, O., Cruz, O., Ceniceros, N., 2002. Chemical variations of tephra-fall deposit leachates for three eruptions from Popocatepetl volcano. J. Volcanol. Geotherm. Res. 113 (1), 61–80. http://dx.doi.org/10.1016/S0377-0273(01)00251-7.",,,,,,,,,,,,,,,,,,,,,,,
"Atlas, Z., Dixon, J., Sen, G., Finny, M., Martin-Del Pozzo, A., 2006. Melt inclusions from Volcán Popocatépetl and Volcán de Colima, Mexico: nelt evolution due to vaporsaturated crystallization during ascent. J. Volcanol. Geotherm. Res. 153 (3), 221–240. http://dx.doi.org/10.1016/j.jvolgeores.2005.06.010.",,,,,,,,,,,,,,,,,,,,,,,
"Baldridge, W.S., McGetchin, T.R., Frey, F.A., Jarosewich, E., 1973. Magmatic evolution of Hekla, Iceland. Contrib. Mineral. Petrol. 42 (3), 245–258. http://dx.doi.org/10.1007/BF00371589.",,,,,,,,,,,,,,,,,,,,,,,
"Belousova, M., Belousov, A., 2001. Frequent basaltic plinian eruptions in the history of Chikurachki volcano, Kurile islands, Russia. XXVI EGS General Assembly, http://www.kscnet.ru/ivs/lavdi/staff/belousov/chikabs.pdf.",,,,,,,,,,,,,,,,,,,,,,,
"Bernard, B., Battaglia, J., Proaño, A., Hidalgo, S., Vásconez, F., Hernandez, S., Ruiz, M., 2016a. Relationship between volcanic ash fallouts and seismic tremor: quantitative assessment of the 2015 eruptive period at Cotopaxi volcano, Ecuador. Bull. Volcanol. 78 (11), 80. http://dx.doi.org/10.1007/s00445-016-1077-5.",,,,,,,,,,,,,,,,,,,,,,,
"Bernard, J., Eychenne, J., Le Pennec, J.-L., Narváez, D., 2016b. Mass budget partitioning during explosive eruptions: insights from the 2006 paroxysm of Tungurahua volcano, Ecuador. Geochem. Geophys. Geosyst. 17 (8), 3224–3240.",,,,,,,,,,,,,,,,,,,,,,,
"Bitar, L., Duck, T., Kristiansen, N., Stohl, A., Beauchamp, S., 2010. Lidar observations of Kasatochi volcano aerosols in the troposphere and stratosphere. J. Geophys. Res. Atmos. 115 (D2). http://dx.doi.org/10.1029/2009JD013650.",,,,,,,,,,,,,,,,,,,,,,,
"Bonadonna, C., Cioni, R., Pistolesi, M., Elissondo, M., Baumann, V., 2015b. Sedimentation of long-lasting wind-affected volcanic plumes: the example of the 2011 rhyolitic Cordón Caulle eruption, Chile. Bull. Volcanol. 77 (2), 13. http://dx.doi.org/10.1007/s00445-015-0900-8.",,,,,,,,,,,,,,,,,,,,,,,
"Bonadonna, C., Genco, R., Gouhier, M., Pistolesi, M., Cioni, R., Alfano, F., Hoskuldsson, A., Ripepe, M., 2011. Tephra sedimentation during the 2010 Eyjafjallajökull eruption (Iceland) from deposit, radar, and satellite observations. J. Geophys. Res. Solid Earth 116 (B12). http://dx.doi.org/10.1029/2011JB008462.",,,,,,,,,,,,,,,,,,,,,,,
"Bonadonna, C., Houghton, B., 2005. Total grain-size distribution and volume of tephrafall deposits. Bull. Volcanol. 67 (5), 441–456. http://dx.doi.org/10.1007/s00445-004-0386-2.",,,,,,,,,,,,,,,,,,,,,,,
"Bourdier, J.-L., Pratomo, I., Thouret, J.-C., Boudon, G., Vincent, P.M., 1997. Observations, stratigraphy and eruptive processes of the 1990 eruption of Kelut volcano, Indonesia. J. Volcanol. Geotherm. Res. 79 (3), 181–203. http://dx.doi.org/10.1016/S0377-0273(97)00031-0.",,,,,,,,,,,,,,,,,,,,,,,
"Brantley, S.R., 1990. The Eruption of Redoubt Volcano, Alaska, December 14, 1989–August 31, 1990.",,,,,,,,,,,,,,,,,,,,,,,
"Carn, S., Lopez, T., 2011. Opportunistic validation of sulfur dioxide in the Sarychev Peak volcanic eruption cloud. Atmos. Meas. Tech. 4 (9), 1705–1712. http://dx.doi.org/10.5194/amt-4-1705-2011.",,,,,,,,,,,,,,,,,,,,,,,
"Carn, S.A., Pallister, J.S., Lara, L., Ewert, J.W., Watt, S., Prata, A.J., Thomas, R.J., Villarosa, G., 2009. The unexpected awakening of Chaitén volcano, Chile. Eos. Trans. AGU 90 (24), 205–206. http://dx.doi.org/10.1029/2009EO240001.",,,,,,,,,,,,,,,,,,,,,,,
"Carter, A.J., Girina, O., Ramsey,M.S., Demyanchuk, Y.V., 2008. ASTER and field observations of the 24 December 2006 eruption of Bezymianny volcano, Russia. Remote Sens. Environ. 112 (5), 2569–2577. http://dx.doi.org/10.1016/j.rse.2007.12.001.",,,,,,,,,,,,,,,,,,,,,,,
"Cassidy, M., Helo, C., Castro, J., Muir, D., Troll, V., 2015. The magmatic conditions, from storage to surface preceding effusive and explosive eruptions at Kelud volcano. AGU Fall Meeting Abstracts. http://adsabs.harvard.edu/abs/2015AGUFM.V13B3107C.",,,,,,,,,,,,,,,,,,,,,,,
"Castro, J., Lowenstern, J., Pallister, J., Eichelberger, J., 2010. Simultaneous explosive and effusive activity at Chaitén volcano, Chile. AGU Fall Meeting Abstracts. URL 2010AGUFM.V34B.08C.",,,,,,,,,,,,,,,,,,,,,,,
"Caudron, C., Taisne, B., Garcés, M., Alexis, L.P., Mialle, P., 2015. On the use of remote infrasound and seismic stations to constrain the eruptive sequence and intensity for the 2014 Kelud eruption. Geophys. Res. Lett. 42 (16), 6614–6621. http://dx.doi.org/10.1002/2015GL064885.",,,,,,,,,,,,,,,,,,,,,,,
"Christiansen, R.L., Peterson, D.W., 1981. Chronology of the 1980 eruptive activity. US Geol. Surv. Prof. Pap 1250, 17–30.",,,,,,,,,,,,,,,,,,,,,,,
"Collins, S., Pyle, D., Maclennan, J., 2009.Melt inclusions track pre-eruption storage and dehydration of magmas at Etna. Geology 37 (6), 571–574. http://dx.doi.org/10.1130/G30040A.1.",,,,,,,,,,,,,,,,,,,,,,,
"Coombs, M., Sisson, T., Bleick, H., Henton, S., Nye, C., Payne, A., Cameron, C., Larsen, J., et al. 2013. Andesites of the 2009 eruption of Redoubt Volcano, Alaska. J. Volcanol. Geotherm. Res. 259, 349–372. http://dx.doi.org/10.1016/j.jvolgeores.2012.01.002.",,,,,,,,,,,,,,,,,,,,,,,
"Corradini, S., Merucci, L., Prata, A., Piscini, A., 2010. Volcanic ash and SO2 in the 2008 Kasatochi eruption: retrievals comparison from different IR satellite sensors. J. Geophys. Res. Atmos. 115 (D2). http://dx.doi.org/10.1029/2009JD013634.",,,,,,,,,,,,,,,,,,,,,,,
"Costa, F., Andreastuti, S., de Maisonneuve, C.B., Pallister, J.S., 2013. Petrological insights into the storage conditions, and magmatic processes that yielded the centennial 2010 Merapi explosive eruption. J. Volcanol. Geotherm. Res. 261, 209–235. http://dx.doi.org/10.1016/j.jvolgeores.2012.12.025.",,,,,,,,,,,,,,,,,,,,,,,
"Cronin, S., Hedley, M., Neall, V., Smith, R., 1998. Agronomic impact of tephra fallout from the 1995 and 1996 Ruapehu Volcano eruptions, New Zealand. Environ. Geol. 34 (1), 21–30. http://dx.doi.org/10.1007/s002540050253.",,,,,,,,,,,,,,,,,,,,,,,
"Eichelberger, J., Keith, T., Miller, T., Nye, C., 1995. The 1992 eruptions of Crater Peak vent, Mount Spurr volcano, Alaska: chronology and summary. US Geol. Surv. Bull 2139, 1–18.",,,,,,,,,,,,,,,,,,,,,,,
"Ekstrand, A., Webley, P., Garay, M., Dehn, J., Prakash, A., Nelson, D., Dean, K., Steensen, T., 2013. A multi-sensor plume height analysis of the 2009 Redoubt eruption. J. Volcanol. Geotherm. Res. 259, 170–184. http://dx.doi.org/10.1016/j.jvolgeores.2012.09.008.",,,,,,,,,,,,,,,,,,,,,,,
"Elissondo, M., Baumann, V., Bonadonna, C., Pistolesi, M., Cioni, R., Bertagnini, A., Biasse, S., Herrero, J.-C., Gonzalez, R., 2016. Chronology and impact of the 2011 Cordón Caulle eruption, Chile. Nat. Hazards Earth Syst. Sci. 16 (3), 675–704. http://dx.doi.org/10.5194/nhess-16-675-2016.",,,,,,,,,,,,,,,,,,,,,,,
"Eychenne, J., Le Pennec, J.-L., Ramón, P., Yepes, H., 2013. Dynamics of explosive paroxysms at open-vent andesitic systems: high-resolution mass distribution analyses of the 2006 Tungurahua fall deposit (Ecuador). Earth Planet. Sci. Lett. 361, 343–355. http://dx.doi.org/10.1016/j.epsl.2012.11.002.",,,,,,,,,,,,,,,,,,,,,,,
"Flentje, H., Claude, H., Elste, T., Gilge, S., Köhler, U., Plass-Dülmer, C., Steinbrecht, W., Thomas, W., Werner, A., Fricke, W., 2010. The Eyjafjallajökull eruption in April 2010-detection of volcanic plume using in-situ measurements, ozone sondes and lidar-ceilometer profiles. Atmos. Chem. Phys. 10 (20), 10085–10092. http://dx.doi.org/10.5194/acp-10-10085-2010.",,,,,,,,,,,,,,,,,,,,,,,
"Folch, A., Jorba, O., Viramonte, J., 2008. Volcanic ash forecast-application to the May 2008 Chaitén eruption. Nat. Hazards Earth Syst. Sci 8 (4), 927–940. http://dx.doi.org/10.5194/nhess-8-927-2008.",,,,,,,,,,,,,,,,,,,,,,,
"Gaunt, H., Bernard, B., Hidalgo, S., Proano, A., Wright, H., Mothes, P., Criollo, E., Kueppers, U., 2016. Eruptive dynamics inferred from textural analysis of ash time series: the 2015 reawakening of Cotopaxi volcano. J. Volcanol. Geotherm. Res. http://dx.doi.org/10.1016/j.jvolgeores.2016.10.013.",,,,,,,,,,,,,,,,,,,,,,,
"Geshi, N., Oikawa, T., 2008. Phreatomagmatic eruptions associated with the caldera collapse during the Miyakejima 2000 eruption, Japan. J. Volcanol. Geotherm. Res. 176 (4), 457–468. http://dx.doi.org/10.1016/j.jvolgeores.2008.04.013.",,,,,,,,,,,,,,,,,,,,,,,
"Gilbert, D.J., 2012. Pre-Eruptive Conditions at Lonquimay and Puyehue-Cordon Caulle Volcanoes, Chile: Framework for Tectonic Influences. Ph.D. thesis. Christian-Albrechts Universität Kiel. Program, Global Volcanism, 1971. Report on Cerro Negro (Nicaragua). Center for Short- Lived Phenomena, Smithsonian Institution.",,,,,,,,,,,,,,,,,,,,,,,
"Program, Global Volcanism, 1974. Report on Fuego (Guatemala). Center for Short-Lived Phenomena, Smithsonian Institution.",,,,,,,,,,,,,,,,,,,,,,,
"Program, Global Volcanism, 1980. Report on St. Helens (United States). In: Squires, D. (Ed.), Scientific Event Alert Network Bulletin. 5:5. Smithsonian Institution.",,,,,,,,,,,,,,,,,,,,,,,
"Program, Global Volcanism, 1982a. Report on el Chichon (Mexico). In: McClelland, L. (Ed.), Scientific Event Alert Network Bulletin. 7:3. Smithsonian Institution.",,,,,,,,,,,,,,,,,,,,,,,
"Program, Global Volcanism, 1982b. Report on El Chichon (Mexico). In: McClelland, L. (Ed.), Scientific Event Alert Network Bulletin. 7:4. Smithsonian Institution.",,,,,,,,,,,,,,,,,,,,,,,
"Program, Global Volcanism, 1985a. Report on Nevado del Ruiz (Columbia). In: McClelland, L. (Ed.), Scientific Event Alert Network Bulletin. 10:11. Smithsonian Institution., http://dx.doi.org/10.5479/si.GVP.SEAN198511-351020.",,,,,,,,,,,,,,,,,,,,,,,
"Program, Global Volcanism, 1985b. Report on Ruapehu (New Zealand). In: Wunderman, R. (Ed.), Bulletin of the Global Volcanism Network. 20:10. Smithsonian",,,,,,,,,,,,,,,,,,,,,,,
"Institution., http://dx.doi.org/10.5479/si.GVP.BGVN199510-241100.",,,,,,,,,,,,,,,,,,,,,,,
"Program, Global Volcanism, 1986a. Report on Cerro Negro (Nicaragua). Center for Short-Lived Phenomena. Smithsonian Institution.",,,,,,,,,,,,,,,,,,,,,,,
"Program, Global Volcanism, 1986b. Report on Cerro Negro (Nicaragua). Center for Short-Lived Phenomena, Smithsonian Institution.",,,,,,,,,,,,,,,,,,,,,,,
"Program, Global Volcanism, 1986c. Report on Cerro Negro (Nicaragua). Center for Short-Lived Phenomena, Smithsonian Institution.",,,,,,,,,,,,,,,,,,,,,,,
"Program, Global Volcanism, 1986d. Report on Chikurachki (Russia). In: McClelland, L. (Ed.), Scientific Event Alert Network Bulletin. 11:11. Smithsonian Institution.",,,,,,,,,,,,,,,,,,,,,,,
"Program, Global Volcanism, 1990. Report on Kelut (Indonesia). In: McClelland, L. (Ed.), Bulletin of the Global Volcanism Network. 15:1. Smithsonian Institution.",,,,,,,,,,,,,,,,,,,,,,,
"Program, Global Volcanism, 1992. Report on Cerro Negro (Nicaragua). In: McClelland, L. (Ed.), Bulletin of the Global Volcanism Network. 17:4. Smithsonian Institution.",,,,,,,,,,,,,,,,,,,,,,,
"Program, Global Volcanism, 1995. Report on Cerro Negro (Nicaragua). In: Wunderman, R. (Ed.), Bulletin of the Global Volcanism Network. 20:11. Smithsonian Institution.",,,,,,,,,,,,,,,,,,,,,,,
"Program, Global Volcanism, 1996a. Report on Popocatepetl (Mexico). In:Wunderman, R. (Ed.), Bulletin of the Global Volcanism Network. 21:4. Smithsonian Institution., http://dx.doi.org/10.5479/si.GVP.BGVN199604-341090.",,,,,,,,,,,,,,,,,,,,,,,
"Program, Global Volcanism, 1996b. Report on Popocatepetl (Mexico). In: Wunderman, R. (Ed.), Bulletin of the Global Volcanism Network. 21:10. Smithsonian Institution., http://dx.doi.org/10.5479/si.GVP.BGVN199610-341090.",,,,,,,,,,,,,,,,,,,,,,,
"Program, Global Volcanism, 1997. Report on Popocatepetl (Mexico). In: Wunderman, R. (Ed.), Bulletin of the Global Volcanism Network. 22:7. Smithsonian Institution., http://dx.doi.org/10.5479/si.GVP.BGVN199610-341090.",,,,,,,,,,,,,,,,,,,,,,,
"Program, Global Volcanism, 2002. Report on Reventador (Ecuador). In: Wunderman, R. (Ed.), Bulletin of the Global Volcanism Network. 27:11. Smithsonian Institution., http://dx.doi.org/10.5479/si.GVP.BGVN200211-352010.",,,,,,,,,,,,,,,,,,,,,,,
"Program, Global Volcanism, 2003a. Report on Anatahan (United States). In: Venzke, E. (Ed.), Bulletin of the Global Volcanism Network. 28:5. Smithsonian Institution.,",,,,,,,,,,,,,,,,,,,,,,,
"Program, Global Volcanism, 2003b. Report on Anatahan (United States). In: Venzke, E. (Ed.), Bulletin of the Global Volcanism Network. 28:5. Smithsonian Institution.",,,,,,,,,,,,,,,,,,,,,,,
"Program, Global Volcanism, 2009. Report on Bezymianny (Russia). In: Wunderman, R. (Ed.), Bulletin of the Global Volcanism Network, 34:11. Smithsonian Institution.",,,,,,,,,,,,,,,,,,,,,,,
"Program, Global Volcanism, 2011. Report on Merapi (Indonesia). In: Wunderman, R. (Ed.), Bulletin of the Global Volcanism Network. 36:1. Smithsonian Institution.",,,,,,,,,,,,,,,,,,,,,,,
"Program, Global Volcanism, 2016. Report on Cotopaxi (Ecuador). In: Venzke, E. (Ed.), Bulletin of the Global Volcanism Network. 41:4. Smithsonian Institution.",,,,,,,,,,,,,,,,,,,,,,,
"Report, Global Volcanism, 1999. Report on Shishaldin (United States). In: Wunderman,",,,,,,,,,,,,,,,,,,,,,,,
"R. (Ed.), Bulletin of the Global Volcanism Network. 24:4. Smithsonian Institution., http://dx.doi.org/10.5479/si.GVP.BGVN199904-311360.",,,,,,,,,,,,,,,,,,,,,,,
"Gronvold, K., Larsen, G., Einarsson, P., Thorarinsson, S., Saemundsson, K., 1983. The Hekla eruption 1980–1981. Bull. Volcanol. 46 (4), 349–363. http://dx.doi.org/10.1007/BF02597770.",,,,,,,,,,,,,,,,,,,,,,,
"Gudmundsson, A., Oskarsson, N., Gronvold, K., Saemundsson, K., Sigurdsson, O., Stefansson, R., Gislason, S.R., Einarsson, P., Brandsdottir, B., Larsen, G., et al. 1992. The 1991 eruption of Hekla, Iceland. Bull. Volcanol. 54 (3), 238–246. http://dx.doi.org/10.1007/BF00278391.",,,,,,,,,,,,,,,,,,,,,,,
"Gudmundsson, M.T., Thordarson, T., Höskuldsson, Á., Larsen, G., Björnsson, H., Prata, F.J., Oddsson, B., Magnússon, E., Högnadóttir, T., Petersen, G.N., et al. 2012. Ash generation and distribution from the April–May 2010 eruption of Eyjafjallajökull, Iceland. Sci. Rep. 2, http://dx.doi.org/10.1038/srep00572.",,,,,,,,,,,,,,,,,,,,,,,
"Gurenko, A., Belousov, A., Trumbull, R., Sobolev, A., 2005. Explosive basaltic volcanism of the Chikurachki volcano (Kurile arc, Russia): insights on pre-eruptive magmatic conditions and volatile budget revealed from phenocryst-hosted melt inclusions and groundmass glasses. J. Volcanol. Geotherm. Res. 147 (3), 203–232. http://dx.doi.org/10.1016/j.jvolgeores.2005.04.002.",,,,,,,,,,,,,,,,,,,,,,,
"Hall, M., Steele, A., Mothes, P., Ruiz, M., 2013. Pyroclastic density currents (PDC) of the 16–17 August 2006 eruptions of Tungurahua volcano, Ecuador: geophysical registry and characteristics. J. Volcanol. Geotherm. Res. 265, 78–93.",,,,,,,,,,,,,,,,,,,,,,,
"Hall, M., Ramón, P., Mothes, P., LePennec, J., García, A., Samaniego, P., Yepes, H., 2004. Volcanic eruptions with little warning: the case of Volcán Reventador’s Surprise November 3, 2002 Eruption, Ecuador. Rev. Geol. Chile 31 (2), 349–358. http://dx. doi.org/10.4067/S0716-02082004000200010.",,,,,,,,,,,,,,,,,,,,,,,
"Harris, D.M., Rose, W., Roe, R., Thompson, M., Lipman, P., Mullineaux, D., 1981. Radar observations of ash eruptions. US Geol. Surv. Prof. Pap. 1250, 323–333.",,,,,,,,,,,,,,,,,,,,,,,
"Hashimoto, A., Shimbori, T., Fukui, K., 2012. Tephra fall simulation for the eruptions at Mt. Shinmoe-dake during 26–27 January 2011 with JMANHM. Sola 8, 37–40. http://dx.doi.org/10.2151/sola.2012-010.",,,,,,,,,,,,,,,,,,,,,,,
"Hayer, C., Carboni, E., Ventress, L., Povey, A., Grainger, R., 2016. Satellite observations of the volcanic plume from the 23rd April 2015 eruption of Calbuco volcano. EGU General Assembly Conference Abstracts. vol. 18. pp. 17035.. http://adsabs.harvard.edu/abs/2016EGUGA.1817035H.",,,,,,,,,,,,,,,,,,,,,,,
"Hildreth, W., Drake, R., 1992. Volcán Quizapu, Chilean Andes. Bull. Volcanol. 54 (2),",,,,,,,,,,,,,,,,,,,,,,,
93–125. http://dx.doi.org/10.1007/BF00278002.,,,,,,,,,,,,,,,,,,,,,,,
"Hill, B.E., Connor, C.B., Jarzemba, M.S., La Femina, P.C., Navarro, M., Strauch, W., 1998. 1995 eruptions of Cerro Negro volcano, Nicaragua, and risk assessment for future eruptions. Geol. Soc. Am. Bull. 110 (10), 1231–1241. http://dx.doi.org/10.1130/0016-7606(1998)110<1231:EOCNVN>2.3.CO;2.",,,,,,,,,,,,,,,,,,,,,,,
"Hoblitt, R., Wolfe, E., Scott, W., Couchman, M., Pallister, J., Javier, D., 1996. The preclimactic eruptions of Mount Pinatubo, June 1991. Fire and Mud: Eruptions and Lahars of Mount Pinatubo, Philippines: Philippine Institute of Volcanology and Seismology and University of Washington, , pp. 457–511.",,,,,,,,,,,,,,,,,,,,,,,
"Holasek, R., Self, S., Woods, A., 1996. Satellite observations and interpretation of the 1991 Mount Pinatubo eruption plumes. J. Geophys. Res. Solid Earth 101 (B12), 27635–27655. http://dx.doi.org/10.1029/96JB01179.",,,,,,,,,,,,,,,,,,,,,,,
"Hreinsdóttir, S., Sigmundsson, F., Roberts,M.J., Björnsson, H., Grapenthin, R., Arason, P., Árnadóttir, T., Hólmjárn, J., Geirsson, H., Bennett, R.A., et al. 2014. Volcanic plume height correlated with magma-pressure change at Grimsvotn volcano, Iceland. Nat. Geosci. 7 (3), 214–218. http://dx.doi.org/10.1038/ngeo2044.",,,,,,,,,,,,,,,,,,,,,,,
"Hurst, A., Turner, R., 1999. Performance of the program ASHFALL for forecasting ashfall during the 1995 and 1996 eruptions of Ruapehu volcano. N. Z. J. Geol. Geophys. 42 (4), 615–622. http://dx.doi.org/10.1080/00288306.1999.9514865.",,,,,,,,,,,,,,,,,,,,,,,
"Izbekov, P., Sisson, T., Wooden, J., Bacon, C., 2009. 2008 Kasatochi Eruption: SHRIMP constraints on concentration of volatiles in melt inclusions. AGU Fall Meeting Abstracts. vol. 1. pp. 1775. http://adsabs.harvard.edu/abs/2009AGUFM.V51E1775I.",,,,,,,,,,,,,,,,,,,,,,,
"Jude-Eton, T., Thordarson, T., Gudmundsson, M., Oddsson, B., 2012. Dynamics, stratigraphy and proximal dispersal of supraglacial tephra during the ice-confined 2004 eruption at Grímsvötn volcano, Iceland. Bull. Volcanol. 74 (5), 1057–1082. http://dx.doi.org/10.1007/s00445-012-0583-3.",,,,,,,,,,,,,,,,,,,,,,,
"Kilgour, G., Blundy, J., Cashman, K., Mader, H., 2013. Small volume andesite magmas and melt-mush interactions at Ruapehu, New Zealand: evidence from melt inclusions. Contrib. Mineral. Petrol. 166 (2), 371–392. http://dx.doi.org/10.1007/s00410-013-0880-7.",,,,,,,,,,,,,,,,,,,,,,,
"Koyaguchi, T., Ohno, M., 2001. Reconstruction of eruption column dynamics on the basis of grain size of tephra fall deposits: 2. Application to the Pinatubo 1991 eruption. J. Geophys. Res. Solid Earth 106 (B4), 6513–6533. http://dx.doi.org/10.1029/2000JB900427.",,,,,,,,,,,,,,,,,,,,,,,
"Kozono, T., Ueda, H., Ozawa, T., Koyaguchi, T., Fujita, E., Tomiya, A., Suzuki, Y., 2013. Magma discharge variations during the 2011 eruptions of Shinmoe-dake volcano, Japan, revealed by geodetic and satellite observations. Bull. Volcanol. 75 (3), 695. http://dx.doi.org/10.1007/s00445-013-0695-4.",,,,,,,,,,,,,,,,,,,,,,,
"Kratzmann, D.J., Carey, S., Scasso, R., Naranjo, J.-A., 2009. Compositional variations and magma mixing in the 1991 eruptions of Hudson volcano, Chile. Bull. Volcanol. 71 (4), 419. http://dx.doi.org/10.1007/s00445-008-0234-x.",,,,,,,,,,,,,,,,,,,,,,,
"Kratzmann, D.J., Carey, S.N., Fero, J., Scasso, R.A., Naranjo, J.-A., 2010. Simulations of tephra dispersal from the 1991 explosive eruptions of Hudson volcano, Chile. J. Volcanol. Geotherm. Res. 190 (3), 337–352. http://dx.doi.org/10.1016/j.jvolgeores.2009.11.021.",,,,,,,,,,,,,,,,,,,,,,,
"Kristiansen, N.I., Prata, A.J., Stohl, A., Carn, S.A., 2015. Stratospheric volcanic ash emissions from the 13 February 2014 Kelut eruption. Geophys. Res. Lett. 42 (2), 588–596. http://dx.doi.org/10.1002/2014GL062307.",,,,,,,,,,,,,,,,,,,,,,,
"Krotkov, N., Torres, O., Seftor, C., Krueger, A., Kostinski, A., Rose, W., Bluth, G., Schneider, D., Schaefer, S., 1999. Comparison of TOMS and AVHRR volcanic ash retrievals from the August 1992 eruption of Mt. Spurr. Geophys. Res. Lett. 26 (4), 455–458. http://dx.doi.org/10.1029/1998GL900278.",,,,,,,,,,,,,,,,,,,,,,,
"Krueger, A., Krotkov, N., Carn, S., 2008. El Chichon: the genesis of volcanic sulfur dioxide",,,,,,,,,,,,,,,,,,,,,,,
"monitoring from space. J. Volcanol. Geotherm. Res. 175 (4), 408–414. http://dx.doi.org/10.1016/j.jvolgeores.2008.02.026.",,,,,,,,,,,,,,,,,,,,,,,
"Krueger, A.,Walter, L., Schnetzler, C., Doiron, S., 1990. TOMSmeasurement of the sulfur dioxide emitted during the 1985 Nevado del Ruiz eruptions. J. Volcanol. Geotherm. Res. 41 (1–4), 7–15. http://dx.doi.org/10.1016/0377-0273(90)90081-P.",,,,,,,,,,,,,,,,,,,,,,,
"Kylling, A., 2016. Ash and ice clouds during the Mt Kelud February 2014 eruption as interpreted from IASI and AVHRR/3 observations. Atmos. Meas. Tech. 9 (5), 2103–2117. http://dx.doi.org/10.5194/amt-9-2103-2016.",,,,,,,,,,,,,,,,,,,,,,,
"Lara, L.E., 2010. The 2008 eruption of the chaitén volcano, Chile: a preliminary report. Andean Geol. 36 (1), 125–130. http://dx.doi.org/10.5027/andgeoV36n1-a09.",,,,,,,,,,,,,,,,,,,,,,,
"Larsen, J., Neal, C., Webley, P., Freymueller, J., Haney, M., McNutt, S., Schneider, D., et al. 2009. Eruption of Alaska volcano breaks historic pattern. Eos. Trans. AGU 90",,,,,,,,,,,,,,,,,,,,,,,
"(20), 173–174.",,,,,,,,,,,,,,,,,,,,,,,
"Larsen, J., Schaefer, J., Neal, C., Kaufman, A., Lu, Z., 2015. The 2008 phreatomagmatic eruption of Okmok Volcano, Aleutian Islands, Alaska: chronology, deposits, and landform changes. Technical Report. Alaska Division of Geological and Geophysical Surveys.",,,,,,,,,,,,,,,,,,,,,,,
"Larsen, J., S´ liwin´ ski, M., Nye, C., Cameron, C., Schaefer, J., 2013. The 2008 eruption of Okmok Volcano, Alaska: petrological and geochemical constraints on the subsurface magma plumbing system. J. Volcanol. Geotherm. Res. 264, 85–106. http://dx.doi.org/10.1016/j.jvolgeores.2013.07.003.",,,,,,,,,,,,,,,,,,,,,,,
"Le Pennec, J.-L., Mothes, P., Hall, M., Ramon, P., Ruiz, G., 2002. Maximum and minimum volume estimates of an ash fall layer from the August 2001 eruption of Mt Tungurahua (Ecuador). , pp. 371–374.",,,,,,,,,,,,,,,,,,,,,,,
"Le Pennec, J.-L., Ruiz, G., Ram/’on, P., Palacios, E., Mothes, P., Yepes, H., 2012. Impact of tephra falls on Andean communities: the influences of eruption size and weather conditions during the 1999–2001 activity of Tungurahua volcano, Ecuador. J. Volcanol. Geotherm. Res. 217, 91–103. http://dx.doi.org/10.1016/j.jvolgeores.2011.06.011.",,,,,,,,,,,,,,,,,,,,,,,
"Lucic, G., Berg, A.-S., Stix, J., 2016. Water-rich and volatile-undersaturated magmas at Hekla volcano, Iceland. Geochem. Geophys. Geosyst. 17 (8), 3111–3130. http://dx.doi.org/10.1002/2016GC006336.",,,,,,,,,,,,,,,,,,,,,,,
"Luhr, J.F., Carmichael, I.S., Varekamp, J.C., 1984. The 1982 eruptions of El Chichón volcano, Chiapas, Mexico: mineralogy and petrology of the anhydritebearing pumices. J. Volcanol. Geotherm. Res. 23 (1–2), 69–108. http://dx.doi.org/10.1016/0377-0273(84)90057-X.",,,,,,,,,,,,,,,,,,,,,,,
"Maeno, F., Nagai, M., Nakada, S., Burden, R., Engwell, S., Suzuki, Y., Kaneko, T., 2014. Constraining tephra dispersion and deposition from three subplinian explosions in 2011 at Shinmoedake volcano, Kyushu, Japan. Bull. Volcanol. 76 (6), 823. http://dx.doi.org/10.1007/s00445-014-0823-9.",,,,,,,,,,,,,,,,,,,,,,,
"Major, J.J., Lara, L.E., 2013. Overview of Chaitén volcano, Chile, and its 2008–2009 eruption. Andean Geol. 40 (2), 196–215. http://dx.doi.org/10.5027/andgeoV40n2-a01.",,,,,,,,,,,,,,,,,,,,,,,
"Malik, N., 2011. The December 24, 2006 eruption of Bezymyannyi volcano, Kamchatka. J. Volcanol. Seismol. 5 (4), 268. http://dx.doi.org/10.1134/S0742046311040051.",,,,,,,,,,,,,,,,,,,,,,,
"Mankowski, L., Riley, C., Rose, W., McGimsey, R., Ernst, G., 2001. Mapping ash grainsize distribution from the August 18, 1992 eruption of Mt. Spurr. AGU Fall Meeting Abstracts.",,,,,,,,,,,,,,,,,,,,,,,
"Marchese, F., Falconieri, A., Pergola, N., Tramutoli, V., 2014. A retrospective analysis of the Shinmoedake (Japan) eruption of 26–27 January 2011 by means of Japanese geostationary satellite data. J. Volcanol. Geotherm. Res. 269, 1–13. http://dx.doi.org/10.1016/j.jvolgeores.2013.10.011.",,,,,,,,,,,,,,,,,,,,,,,
"Martin-Del Pozzo, A., González-Morán, T., Espinasa-Pere na, R., Butron, M., Reyes, M., 2008. Characterization of the recent ash emissions at Popocatepetl Volcano, Mexico. J. Volcanol. Geotherm. Res. 170 (1), 61–75. http://dx.doi.org/10.1016/j.jvolgeores.2007.09.004.",,,,,,,,,,,,,,,,,,,,,,,
"Marzano, F.S., Lamantea, M., Montopoli, M., Herzog, M., Graf, H., Cimini, D., 2013. Microwave remote sensing of the 2011 plinian eruption of the Grímsvötn Icelandic volcano. Remote Sens. Environ. 129, 168–184. http://dx.doi.org/10.1016/j.rse.2012.11.005.",,,,,,,,,,,,,,,,,,,,,,,
"Mastin, L.G., 2007. A user-friendly one-dimensional model for wet volcanic plumes. Geochem. Geophys. Geosyst. 8 (3). http://dx.doi.org/10.1029/2006GC001455.",,,,,,,,,,,,,,,,,,,,,,,
"Mastin, L.G., Schwaiger, H., Schneider, D.J., Wallace, K.L., Schaefer, J., Denlinger, R.P., 2013. Injection, transport, and deposition of tephra during event 5 at Redoubt Volcano, 23March, 2009. J. Volcanol. Geotherm. Res. 259, 201–213. http://dx.doi.org/10.1016/j.jvolgeores.2012.04.025.",,,,,,,,,,,,,,,,,,,,,,,
"Matoza, R.S., Hedlin, M.A., Garcés, M.A., 2007. An infrasound array study of Mount St. Helens. J. Volcanol. Geotherm. Res. 160 (3), 249–262. http://dx.doi.org/10.1016/j.jvolgeores.2006.10.006.",,,,,,,,,,,,,,,,,,,,,,,
"Matson, M., 1984. The 1982 El Chichon volcano eruptions-a satellite perspective. J. Volcanol. Geotherm. Res. 23 (1–2), 1–10. http://dx.doi.org/10.1016/0377-0273(84)90054-4.",,,,,,,,,,,,,,,,,,,,,,,
"Meinel, M.P., Meinel, A.B., 1963. Late twilight glow of the ash stratum from the eruption of Agung volcano. Science 142 (3592), 582–583. http://dx.doi.org/10.1126/science.142.3592.582.",,,,,,,,,,,,,,,,,,,,,,,
"Melson, W., Allan, J., Jerez, D., Nelen, J., Calvache, M., Williams, S., Fournelle, J., Perfit, M., 1990. Water contents, temperatures and diversity of the magmas of the catastrophic eruption of Nevado del Ruiz, Colombia, November 13, 1985. J. Volcanol. Geotherm. Res. 41 (1–4), 97–126. http://dx.doi.org/10.1016/0377-0273(90)90085-T.",,,,,,,,,,,,,,,,,,,,,,,
"Métrich, N., Allard, P., Spilliaert, N., Andronico, D., Burton, M., 2004. 2001 flank eruption of the alkali-and volatile-rich primitive basalt responsible for Mount Etna’s evolution in the last three decades. Earth Planet. Sci. Lett. 228 (1), 1–17. http://dx.doi.org/10.1016/j.epsl.2004.09.036.",,,,,,,,,,,,,,,,,,,,,,,
"Miller, T., Chouet, B., 1994. The 1989–1990 eruptions of Redoubt Volcano: an introduction. J. Volcanol. Geotherm. Res. 62 (1–4), 1–10. http://dx.doi.org/10.1016/0377-0273(94)90025-6.",,,,,,,,,,,,,,,,,,,,,,,
"Moiseenko, K., Malik, N., 2014. Estimates of total ash content from 2006 and 2009 explosion events at Bezymianny volcano with use of a regional atmospheric modeling system. J. Volcanol. Geotherm. Res. 270, 53–75. http://dx.doi.org/10.1016/j.jvolgeores.2013.11.016.",,,,,,,,,,,,,,,,,,,,,,,
"Moiseenko, K., Malik, N., 2015. Reconstruction of the ashfall at Bezymyanny volcano during the eruption of December 24, 2006 by using a mesoscale model of the atmospheric transport of ash particles. Izv. Atmos. Oceanic Phys. 51 (6), 585–598. http://dx.doi.org/10.1134/S0001433815050072.",,,,,,,,,,,,,,,,,,,,,,,
"Mossop, S., 1964. Volcanic dust collected at an altitude of 20 km. Nature 203 (4947), 824–827. http://dx.doi.org/10.1038/203824a0.",,,,,,,,,,,,,,,,,,,,,,,
"Moune, S., Sigmarsson, O., Thordarson, T., Gauthier, P.-J., 2007. Recent volatile evolution in the magmatic system of Hekla volcano, Iceland. Earth Planet. Sci. Lett. 255 (3), 373–389. http://dx.doi.org/10.1016/j.epsl.2006.12.024.",,,,,,,,,,,,,,,,,,,,,,,
"Moxey, L., 2005. A Complete Space-Based Synopsis of Eruption Dynamics: The 2002 Eruption of Reventador Volcano, Ecuador. Master’s thesis.",,,,,,,,,,,,,,,,,,,,,,,
"Murrow, P., Rose, W., Self, S., 1980. Determination of the total grain size distribution in a vulcanian eruption column, and its implications to stratospheric aerosol perturbation. Geophys. Res. Lett. 7 (11), 893–896. http://dx.doi.org/10.1029/GL007i011p00893.",,,,,,,,,,,,,,,,,,,,,,,
"Myers, M., Geist, D., Rowe, M., Harpp, K.,Wallace, P., Dufek, J., 2014. Replenishment of volatile-rich mafic magma into a degassed chamber drives mixing and eruption of Tungurahua volcano. Bull. Volcanol. 76 (11), 872. http://dx.doi.org/10.1007/s00445-014-0872-0.",,,,,,,,,,,,,,,,,,,,,,,
"Nakada, S., Matsushima, T., Yoshimoto, M., Sugimoto, T., Kato, T., Watanabe, T., Chong, R., Camacho, J.T., 2005a. Geological aspects of the 2003–2004 eruption of Anatahan volcano, Northern Mariana Islands. J. Volcanol. Geotherm. Res. 146 (1), 226–240. http://dx.doi.org/10.1016/j.jvolgeores.2004.10.023.",,,,,,,,,,,,,,,,,,,,,,,
"Nakada, S., Nagai, M., Kaneko, T., Nozawa, A., Suzuki-Kamata, K., 2005b. Chronology and products of the 2000 eruption of Miyakejima volcano, Japan. Bull. Volcanol. 67 (3), 205–218. http://dx.doi.org/10.1007/s00445-004-0404-4.",,,,,,,,,,,,,,,,,,,,,,,
"Nakada, S., Nagai, M., Kaneko, T., Suzuki, Y., Maeno, F., 2013. The outline of the 2011 eruption at Shinmoe-dake (Kirishima), Japan. Earth Planets Space 65 (6), 475–488. http://dx.doi.org/10.5047/eps.2013.03.016.",,,,,,,,,,,,,,,,,,,,,,,
"Naranjo, J., Sigurdsson, H., Carey, S., Fritz, W., 1986. Eruption of the Nevada del Ruiz volcano, Colombia, on 13 November 1985: tephra fall and lahars. Science 233, 961–964. http://dx.doi.org/10.1126/science.233.4767.961.",,,,,,,,,,,,,,,,,,,,,,,
"Neal, C., McGimsey, R., Gardner, C., Harbin, M., Nye, C., Keith, T., 1995. Tephra-fall deposits from the 1992 eruptions of Crater Peak, Mount Spurr Volcano, Alaska; a preliminary report on distribution, stratigraphy, and composition. US Geol. Surv. Bull 2139, 65–79.",,,,,,,,,,,,,,,,,,,,,,,
"Newhall, C.G., Daag, A.S., Delfin, F., Hoblitt, R.P., McGeehin, J., Pallister, J.S., Regalado, M., Rubin, M., Tubianosa, B.S., Tamayo, R., et al. 1996. Eruptive history of Mount Pinatubo. Fire and Mud: Eruptions and Lahars of Mount Pinatubo, Philippines: Philippine Institute of Volcanology and Seismology and University of Washington, pp. 165–195.",,,,,,,,,,,,,,,,,,,,,,,
"Nye, C., Keith, T., Eichelberger, J., Miller, T., McNutt, S., Moran, S., Schneider, D., Dehn, J., Schaefer, J., 2002. The 1999 eruption of Shishaldin Volcano, Alaska: monitoring a distant eruption. Bull. Volcanol. 64 (8), 507–519. http://dx.doi.org/10.1007/s00445-002-0225-2.",,,,,,,,,,,,,,,,,,,,,,,
"Oddsson, B., Gudmundsson, M.T., Larsen, G., Karlsdóttir, S., 2012. Monitoring of the plume from the basaltic phreatomagmatic 2004 Grímsvötn eruption-application of weather radar and comparison with plume models. Bull. Volcanol. 74 (6), 1395–1407. http://dx.doi.org/10.1007/s00445-012-0598-9.",,,,,,,,,,,,,,,,,,,,,,,
"Pallister, J.S., Trusdell, F.A., Brownfield, I.K., Siems, D.F., Budahn, J.R., Sutley, S.F., 2005. The 2003 phreatomagmatic eruptions of Anatahan volcano-textural and petrologic features of deposits at an emergent island volcano. J. Volcanol. Geotherm. Res. 146 (1), 208–225. http://dx.doi.org/10.1016/j.jvolgeores.2004.11.036.",,,,,,,,,,,,,,,,,,,,,,,
"Petersen, G., Bjornsson, H., Arason, P., Löwis, S. v., 2012. Two weather radar time series of the altitude of the volcanic plume during the May 2011 eruption of Grímsvötn, Iceland. Earth Syst. Sci. Data 4 (1), 121–127. http://dx.doi.org/10.5194/essd-4-121-2012.",,,,,,,,,,,,,,,,,,,,,,,
"Pistolesi, M., Cioni, R., Bonadonna, C., Elissondo, M., Baumann, V., Bertagnini, A., Chiari, L., Gonzales, R., Rosi, M., Francalanci, L., 2015. Complex dynamics of small-moderate volcanic events: the example of the 2011 rhyolitic Cordón Caulle eruption, Chile. Bull. Volcanol. 77 (1), 3. http://dx.doi.org/10.1007/s00445-014-0898-3.",,,,,,,,,,,,,,,,,,,,,,,
"Portnyagin, M.V., Hoernle, K., Mironov, N.L., 2014. Contrasting compositional trends of rocks and olivine-hosted melt inclusions from Cerro Negro volcano (Central America): implications for decompression-driven fractionation of hydrous magmas. Int. J. Earth Sci. 103 (7), 1963–1982. http://dx.doi.org/10.1007/s00531-012-0810-3.",,,,,,,,,,,,,,,,,,,,,,,
"Prata, A., Siems, S., Manton, M., 2015. Quantification of volcanic cloud top heights and thicknesses using A-train observations for the 2008 Chaitén eruption. J. Geophys. Res. Atmos. 120 (7), 2928–2950. http://dx.doi.org/10.1002/2014JD022399.",,,,,,,,,,,,,,,,,,,,,,,
"Reckziegel, F., Bustos, E., Mingari, L., Báez, W., Villarosa, G., Folch, A., Collini, E., Viramonte, J., Romero, J., Osores, S., 2016. Forecasting volcanic ash dispersal and coeval resuspension during the April–May 2015 Calbuco eruption. J. Volcanol. Geotherm. Res. 321, 44–57. http://dx.doi.org/10.1016/j.jvolgeores.2016.04.033.",,,,,,,,,,,,,,,,,,,,,,,
"Ridolfi, F., Puerini, M., Renzulli, A., Menna, M., Toulkeridis, T., 2008. The magmatic feeding system of El Reventador volcano (Sub-Andean zone, Ecuador) constrained by texture, mineralogy and thermobarometry of the 2002 erupted products. J. Volcanol. Geotherm. Res. 176 (1), 94–106. http://dx.doi.org/10.1016/j.jvolgeores.2008.03.003.",,,,,,,,,,,,,,,,,,,,,,,
"Roggensack, K., Hervig, R.L.,McKnight, S.B.,Williams, S.N., 1997. Explosive basaltic volcanism from Cerro Negro volcano: influence of volatiles on eruptive style. Science 277 (5332), 1639–1642. http://dx.doi.org/10.1126/science.277.5332.1639.",,,,,,,,,,,,,,,,,,,,,,,
"Romero, J., Keller, W., Diaz-Alvarado, J., Polacci, M., Inostroza, M., 2016a. The 3 March 2015 eruption of Villarrica volcano, Southern Andes of Chile: overview of deposits and impacts. http://dx.doi.org/10.13140/RG.2.1.3575.1286.",,,,,,,,,,,,,,,,,,,,,,,
"Romero, J., Morgavi, D., Arzilli, F., Daga, R., Caselli, A., Reckziegel, F., Viramonte, J., Díaz-Alvarado, J., Polacci, M., Burton, M., et al. 2016b. Eruption dynamics of the 22–23 April 2015 Calbuco volcano (Southern Chile): analyses of tephra fall deposits. J. Volcanol. Geotherm. Res. 317, 15–29. http://dx.doi.org/10.1016/j.jvolgeores.2016.02.027.",,,,,,,,,,,,,,,,,,,,,,,
"Rose,W., Bonis, S., Stoiber, R., Keller, M., Bickford, T., 1973. Studies of volcanic ash from two recent Central American eruptions. Bull. Volcanol. 37 (3), 338–364. http://dx.doi.org/10.1007/BF02597633.",,,,,,,,,,,,,,,,,,,,,,,
"Rose, W., Gu, Y., Watson, I., Yu, T., Blut, G., Prata, A., Krueger, A., Krotkov, N., Carn, S., Fromm, M., et al. 2003. The February–March 2000 eruption of Hekla, Iceland from a satellite perspective. Volcanism and the Earth’s Atmosphere, pp. 107–132. http://dx.doi.org/10.1029/139GM07.",,,,,,,,,,,,,,,,,,,,,,,
"Rose, W., Self, S., Murrow, P., Bonadonna, C., Durant, A., Ernst, G., 2008. Nature and significance of small volume fall deposits at composite volcanoes: insights from the October 14, 1974 Fuego eruption, Guatemala. Bull. Volcanol. 70 (9), 1043–1067. http://dx.doi.org/10.1007/s00445-007-0187-5.",,,,,,,,,,,,,,,,,,,,,,,
"Rose, W.I., Anderson, A.T., Woodruff, L.G., Bonis, S.B., 1978. The October 1974 basaltic tephra from Fuego volcano: description and history of the magma body. J. Volcanol. Geotherm. Res. 4 (1), 3–53. http://dx.doi.org/10.1016/0377-0273(78)90027-6.",,,,,,,,,,,,,,,,,,,,,,,
"Ruprecht, P., Bachmann, O., 2010. Pre-eruptive reheating during magma mixing at Quizapu volcano and the implications for the explosiveness of silicic arc volcanoes. Geology 38 (10), 919–922. http://dx.doi.org/10.1130/G31110.1.",,,,,,,,,,,,,,,,,,,,,,,
"Rybin, A., Chibisova, M., Webley, P., Steensen, T., Izbekov, P., Neal, C., Realmuto, V., 2011. Satellite and ground observations of the June 2009 eruption of Sarychev Peak volcano, Matua Island, Central Kuriles. Bull. Volcanol. 73 (9), 1377–1392. http://dx.doi.org/10.1007/s00445-011-0481-0.",,,,,,,,,,,,,,,,,,,,,,,
"Rybin, A., Degterev, A., Ganzey, K., Chibisova, M., Razjigaeva, N., 2012. The Eruptions of Sarychev Peak Volcano, Kurile Arc: Particularities of Activity and Influence on the Environment. INTECH Open Access Publisher.",,,,,,,,,,,,,,,,,,,,,,,
"Sadofsky, S., Portnyagin,M., Hoernle, K., van den Bogaard, P., 2008. Subduction cycling of volatiles and trace elements through the Central American volcanic arc: evidence from melt inclusions. Contrib. Mineral. Petrol. 155 (4), 433–456. http://dx.doi.org/10.1007/s00410-007-0251-3.",,,,,,,,,,,,,,,,,,,,,,,
"Saito, G., Morishita, Y., Shinohara, H., 2010. Magma plumbing system of the 2000 eruption of Miyakejima volcano, Japan, deduced from volatile and major component contents of olivine-hosted melt inclusions. J. Geophys. Res. Solid Earth 115 (B11). http://dx.doi.org/10.1029/2010JB007433.",,,,,,,,,,,,,,,,,,,,,,,
"Samaniego, P., Eissen, J., Le Pennec, J., Robin, C., Hall, M., Mothes, P., Chavrit, D., Cotten, J., 2008. Pre-eruptive physical conditions of El Reventador volcano (Ecuador) inferred from the petrology of the 2002 and 2004–05 eruptions. J. Volcanol. Geotherm. Res. 176 (1), 82–93. http://dx.doi.org/10.1016/j.jvolgeores.2008.03.004.",,,,,,,,,,,,,,,,,,,,,,,
"Scaillet, B., Evans, B.W., 1999. The 15 June 1991 eruption of Mount Pinatubo. I. Phase equilibria and pre-eruption P–T–fO2–fH2O conditions of the dacite magma. J. Petrol. 40 (3), 381–411. http://dx.doi.org/10.1093/petroj/40.3.381.",,,,,,,,,,,,,,,,,,,,,,,
"Scasso, R.A., Corbella, H., Tiberi, P., 1994. Sedimentological analysis of the tephra from the 12–15 August 1991 eruption of Hudson volcano. Bull. Volcanol. 56 (2), 121–132. http://dx.doi.org/10.1007/BF00304107.",,,,,,,,,,,,,,,,,,,,,,,
"Schneider, D.J., Rose, W.I., Coke, L.R., Bluth, G.J., Sprod, I.E., Krueger, A.J., 1999. Early evolution of a stratospheric volcanic eruption cloud as observed with TOMS and AVHRR. J. Geophys. Res. Atmos. 104 (D4), 4037–4050. http://dx.doi.org/10.1029/1998JD200073.",,,,,,,,,,,,,,,,,,,,,,,
"Scollo, S., Del Carlo, P., Coltelli, M., 2007. Tephra fallout of 2001 Etna flank eruption: analysis of the deposit and plume dispersion. J. Volcanol. Geotherm. Res. 160 (1), 147–164. http://dx.doi.org/10.1016/j.jvolgeores.2006.09.007.",,,,,,,,,,,,,,,,,,,,,,,
"Scott, W., McGimsey, R., 1994. Character, mass, distribution, and origin of tephra-fall deposits of the 1989–1990 eruption of Redoubt Volcano, south-central Alaska. J. Volcanol. Geotherm. Res. 62 (1–4), 251–272. http://dx.doi.org/10.1016/0377-0273(94)90036-1.",,,,,,,,,,,,,,,,,,,,,,,
"Scott, W.E., Sherrod, D.R., Gardner, C.A., 2008. Overview of the 2004 to 2006, and continuing, eruption of Mount St. Helens, Washington. A Volcano Rekindled: The Renewed Eruption of Mount St. Helens, 2004–2006. vol. 1750. US Geological Survey., pp. 3–22.",,,,,,,,,,,,,,,,,,,,,,,
"Self, S., Rampino, M., 2012. The 19631964 eruption of Agung volcano (Bali, Indonesia). Bull. Volcanol. 74 (6), 1521–1536. http://dx.doi.org/10.1007/s00445-012-0615-z.",,,,,,,,,,,,,,,,,,,,,,,
"SERNAGEOMIN, 2015. Informe de resumen crisis volcán Villarrica febrero-marzo 2015. Technical Report, Servicio Nacional de Geología y Minería.",,,,,,,,,,,,,,,,,,,,,,,
"Shcherbakov, V.D., Plechov, P.Y., Izbekov, P.E., Shipman, J.S., 2011. Plagioclase zoning as an indicator of magma processes at Bezymianny volcano, Kamchatka. Contrib. Mineral. Petrol. 162 (1), 83–99. http://dx.doi.org/10.1007/s00410-010-0584-1.",,,,,,,,,,,,,,,,,,,,,,,
"Shibata, T., Kinoshita, T., 2016. Volcanic aerosol layer formed in the tropical upper troposphere by the eruption of Mt. Merapi, Java, in November 2010 observed by the spaceborne lidar CALIOP. Atmos. Res. 168, 49–56. http://dx.doi.org/10.1016/j.atmosres.2015.09.002.",,,,,,,,,,,,,,,,,,,,,,,
"Solikhin, A., Thouret, J.-C., Liew, S.C., Gupta, A., Sayudi, D.S., Oehler, J.-F., Kassouk, Z., 2015. High-spatial-resolution imagery helps map deposits of the large (VEI 4) 2010 Merapi volcano eruption and their impact. Bull. Volcanol. 77 (3), 20. http://dx.doi.org/10.1007/s00445-015-0908-0.",,,,,,,,,,,,,,,,,,,,,,,
"Spilliaert, N., Allard, P., Métrich, N., Sobolev, A., 2006.Melt inclusion record of the conditions of ascent, degassing, and extrusion of volatile-rich alkali basalt during the powerful 2002 flank eruption of Mount Etna (Italy). J. Geophys. Res. Solid Earth 111 (B4). http://dx.doi.org/10.1029/2005JB003934.",,,,,,,,,,,,,,,,,,,,,,,
"Steffke, A., Fee, D., Garces, M., Harris, A., 2010. Eruption chronologies, plume heights and eruption styles at Tungurahua Volcano: integrating remote sensing techniques and infrasound. J. Volcanol. Geotherm. Res. 193 (3), 143–160.",,,,,,,,,,,,,,,,,,,,,,,
"Stelling, P., Beget, J., Nye, C., Gardner, J., Devine, J., George, R., 2002. Geology and petrology of ejecta from the 1999 eruption of Shishaldin Volcano, Alaska. Bull. Volcanol. 64 (8), 548–561. http://dx.doi.org/10.1007/s00445-002-0229-y.",,,,,,,,,,,,,,,,,,,,,,,
"Sulpizio, R., 2005. Three empirical methods for the calculation of distal volume of tephra-fall deposits. J. Volcanol. Geotherm. Res. 145 (3), 315–336. http://dx.doi.org/10.1016/j.jvolgeores.2005.03.001.",,,,,,,,,,,,,,,,,,,,,,,
"Surono, Jousset, P., Pallister, J., Boichu, M., Buongiorno, M.F., Budisantoso, A., Costa, F., Andreastuti, S., Prata, F., Schneider, D., Clarisse, L., et al. 2012. The 2010 explosive eruption of Java’s Merapi volcano—a 100-year event. J. Volcanol. Geotherm. Res. 241, 121–135. http://dx.doi.org/10.1016/j.jvolgeores.2012.06.018.",,,,,,,,,,,,,,,,,,,,,,,
"Survey, U.G., 2005. Mount St. Helens From the 1980 Eruption to 2000. U.S. Geological Survey Fact Sheet 036-00.",,,,,,,,,,,,,,,,,,,,,,,
"Suzuki, Y., Iguchi, M., Maeno, F., Nakada, S., Hashimoto, A., Shimbori, T., Ishii, K., 2014. 3D numerical simulations of volcanic plume and tephra dispersal: reconstruction of the 2014 Kelud eruption. AGU Fall meeting abstracts. vol. 1. pp. 02.. http://adsabs.harvard.edu/abs/2014AGUFM.V53E.02S.",,,,,,,,,,,,,,,,,,,,,,,
"Suzuki, Y., Yasuda, A., Hokanishi, N., Kaneko, T., Nakada, S., Fujii, T., 2013. Syneruptive deep magma transfer and shallow magma remobilization during the 2011 eruption of Shinmoe-dake, Japan-constraints from melt inclusions and phase equilibria experiments. J. Volcanol. Geotherm. Res. 257, 184–204. http://dx.doi.org/10.1016/j.jvolgeores.2013.03.017.",,,,,,,,,,,,,,,,,,,,,,,
"Thorarinsson, S., 1950. The eruption of Mt. Hekla 1947–1948. Bull. Volcanol. 10 (1), 157–168. http://dx.doi.org/10.1007/BF02596085.",,,,,,,,,,,,,,,,,,,,,,,
"Thorarinsson, S., Sigvaldason, G.E., 1972. The Hekla eruption of 1970. Bull. Volcanol. 36 (2), 269–288. http://dx.doi.org/10.1007/BF02596870.",,,,,,,,,,,,,,,,,,,,,,,
"Thordarson, T., Hayward, C., Hartley, M., Sigmarsson, O., Höskuldsson, Á., Larsen, G., 2011. The 14 April–22 May 2010 summit eruption at Eyjafjallajökull volcano, Iceland: volatile contents and magma degassing. Geophys. Res. Abstr. 13. EGU201112046.",,,,,,,,,,,,,,,,,,,,,,,
"Trusdell, F.A., Moore, R.B., Sako, M., White, R.A., Koyanagi, S.K., Chong, R., Camacho, J.T., 2005. The 2003 eruption of Anatahan volcano, Commonwealth of the Northern Mariana Islands: chronology, volcanology, and deformation. J. Volcanol. Geotherm. Res. 146 (1), 184–207. http://dx.doi.org/10.1016/j.jvolgeores.2004.12.010.",,,,,,,,,,,,,,,,,,,,,,,
"Underwood, S.J., Feeley, T.C., Clynne, M.A., 2013. Hydrogen isotope investigation of amphibole and glass in dacite magmas erupted in 1980–1986 and 2005 at Mount St. Helens, Washington. J. Petrol. 54 (6), 1047–1070. http://dx.doi.org/10.1093/petrology/egt005.",,,,,,,,,,,,,,,,,,,,,,,
"Unema, J., 2001. Water-Magma Interaction and Plume Processes in the 2008 Okmok Eruption. Master’s thesis.",,,,,,,,,,,,,,,,,,,,,,,
"Vernier, J.-P., Fairlie, T.D., Deshler, T., Natarajan, M., Knepp, T., Foster, K., Wienhold, F.G., Bedka, K.M., Thomason, L., Trepte, C., 2016. In situ and spacebased observations of the Kelud volcanic plume: the persistence of ash in the lower stratosphere. J. Geophys. Res. Atmos. 121 (18). http://dx.doi.org/10.1002/2016JD025344.",,,,,,,,,,,,,,,,,,,,,,,
"Vidal, L., Nesbitt, S., Salio, P., Osores, S., Farias, C., Rodriguez, A., Serra, J., Caranti, G., 2015. C-band dual-polarization observations of a massive volcanic eruption in South America. AMS, https://ams.confex.com/ams/37RADAR/webprogram/Handout/Paper276312/ID276312_AMSRadarConf2015_Vidal_et_al.pdf.",,,,,,,,,,,,,,,,,,,,,,,
"Voight, B., 1990. The 1985 Nevado del Ruiz volcano catastrophe: anatomy and retrospection. J. Volcanol. Geotherm. Res. 42 (1–2), 151–188. http://dx.doi.org/10.1016/0377-0273(90)90075-Q.",,,,,,,,,,,,,,,,,,,,,,,
"Wallace, K., Schaefer, J., Coombs, M., 2013. Character, mass, distribution, and origin of tephra-fall deposits from the 2009 eruption of Redoubt Volcano, Alaskahighlighting the significance of particle aggregation. J. Volcanol. Geotherm. Res. 259, 145–169. http://dx.doi.org/10.1016/j.jvolgeores.2012.09.015.",,,,,,,,,,,,,,,,,,,,,,,
"Wallace, K.L., Neal, C.A., McGimsey, R.G., 2006. Timing, distribution, and character of tephra fall from the 2005–2006 eruption of Augustine volcano. U.S. Geol. Surv. Prof. Pap. 187–217.",,,,,,,,,,,,,,,,,,,,,,,
"Watt, S.F., Pyle, D.M.,Mather, T.A.,Martin, R.S.,Matthews, N.E., 2009. Fallout and distribution of volcanic ash over Argentina following the May 2008 explosive eruption of Chaitén, Chile. J. Geophys. Res. Solid Earth 114 (B4). http://dx.doi.org/10.1029/2008JB006219.",,,,,,,,,,,,,,,,,,,,,,,
"Waythomas, C.F., Scott, W.E., Prejean, S.G., Schneider, D.J., Izbekov, P., Nye, C.J., 2010. The 7–8 August 2008 eruption of Kasatochi volcano, central Aleutian Islands, Alaska. J. Geophys. Res. Solid Earth 115 (B12). http://dx.doi.org/10.1029/2010JB007437.",,,,,,,,,,,,,,,,,,,,,,,
"Webster, J.D., Mandeville, C.W., Goldoff, B., Coombs, M.L., Tappen, C., 2006. Augustine volcano-the influence of volatile components in magmas erupted AD 2006 to 2,100 years before present. U.S. Geol. Surv. Prof. Pap. 383–423.",,,,,,,,,,,,,,,,,,,,,,,
"Williams, S., Self, S., 1983. The October 1902 plinian eruption of Santa Maria volcano, Guatemala. J. Volcanol. Geotherm. Res. 16 (1–2), 33–56. http://dx.doi.org/10.1016/0377-0273(83)90083-5.",,,,,,,,,,,,,,,,,,,,,,,
"Wright, R., Carn, S.A., Flynn, L.P., 2005. A satellite chronology of the May–June 2003 eruption of Anatahan volcano. J. Volcanol. Geotherm. Res. 146 (1), 102–116. http://dx.doi.org/10.1016/j.jvolgeores.2004.10.021.",,,,,,,,,,,,,,,,,,,,,,,
"Zen, M., Hadikusumo, D., 1964. Preliminary report on the 1963 eruption of Mt. Agung in Bali (Indonesia). Bull. Volcanol. 27 (1), 269–299. http://dx.doi.org/10.1007/BF02597526.",,,,,,,,,,,,,,,,,,,,,,,
